C=C(NC(C)=O)C(=O)OC,COC(=O)[C@H](C)NC(C)=O,0.01,[2.0134353],0.88220049733078
COC(=O)/C(=C/c1ccccc1)NC(C)=O,COC(=O)[C@H](Cc1ccccc1)NC(C)=O,0.01,[5.3787633],0.9954076629063359
CCOC(=O)/C=C(\Sc1ccccc1)c1cccc(F)c1,CCOC(=O)C[C@@H](Sc1ccccc1)c1cccc(F)c1,not_found,not_found,not_found
CC(C)=C(C(=O)O)c1ccccc1,CC(C)[C@@H](C(=O)O)c1ccccc1,0.01,[2.91410077],0.9485391028635209
C/C(=C\C(=O)c1ccc(C)cc1)S(=O)(=O)c1ccc(C)cc1,Cc1ccc(C(=O)C[C@@H](C)S(=O)(=O)c2ccc(C)cc2)cc1,not_found,not_found,not_found
[H]/C=C(\NC(C)=O)C(=O)O,CC(=O)N[C@H](C)C(=O)O,0.01,[4.20536891],0.9853039135760354
C=C(NC(C)=O)c1ccccc1,CC(=O)N[C@@H](C)c1ccccc1,0.01,[4.33908762],0.9871196405101755
CCOP(=O)(/C=C(\N)c1ccccc1)OCC,CCOP(=O)(C[C@H](N)c1ccccc1)OCC,0.01,[0.6381628],0.6543380415057215
CC(=O)N/C(=C\S(C)(=O)=O)c1ccc(C)cc1,CC(=O)N[C@H](CS(C)(=O)=O)c1ccc(C)cc1,not_found,not_found,not_found
CCOC(=O)/C(F)=C\c1ccccc1,CCOC(=O)[C@@H](F)Cc1ccccc1,not_found,not_found,not_found
C/C=C(/C)c1ccc(OC)cc1,CC[C@@H](C)c1ccc(OC)cc1,not_found,not_found,not_found
C=C(CC(C)=O)C(=O)OC,COC(=O)[C@H](C)CC(C)=O,0.01,[2.03567602],0.884492239554505
CN1CCC=C1c1cccc(F)c1,CN1CCC[C@H]1c1cccc(F)c1,not_found,not_found,not_found
C=C(CC(=O)OC)C(=O)OC,COC(=O)C[C@H](C)C(=O)OC,0.01,[3.77717797],0.9776249141247384
CC(=O)/C(C)=C/c1ccccc1,CC(=O)[C@@H](C)Cc1ccccc1,0.01,[2.36451682],0.914081206215429
Cc1cc2ccccc2[nH]1,C[C@@H]1Cc2ccccc2N1,0.01,[3.86931149],0.9795540277515205
C=C(NC(C)=O)c1ccccc1,CC(=O)N[C@H](C)c1ccccc1,not_found,not_found,not_found
O=C(O)/C(=C/c1ccccc1)c1ccccc1,O=C(O)[C@H](Cc1ccccc1)c1ccccc1,0.01,[3.82117995],0.9785674715574764
CC(=O)N/C(=C\c1cccc(Cl)c1)C(F)(F)F,CC(=O)N[C@@H](Cc1cccc(Cl)c1)C(F)(F)F,not_found,not_found,not_found
O=C(O)/C(=C/c1ccccc1)OCc1ccccc1,O=C(O)[C@H](Cc1ccccc1)OCc1ccccc1,not_found,not_found,not_found
CCOC(=O)/C=C(\C)c1ccc(Cl)cc1,CCOC(=O)C[C@H](C)c1ccc(Cl)cc1,not_found,not_found,not_found
C/C=C(\Oc1ccc(C(C)(C)C)cc1)C(=O)O,CC[C@H](Oc1ccc(C(C)(C)C)cc1)C(=O)O,not_found,not_found,not_found
COCC1=C(c2ccc(OC)cc2)CCCC1,COC[C@H]1CCCC[C@H]1c1ccc(OC)cc1,0.01,[4.0687721],0.9831890687663115
C=C(CCCC)OC(=O)C(C)(C)C,CCCC[C@H](C)OC(=O)c1ccccc1,not_found,not_found,not_found
C/C=C(\Oc1ccc2ccccc2c1)C(=O)O,CC[C@H](Oc1ccc2ccccc2c1)C(=O)O,not_found,not_found,not_found
COc1ccc(/C(C)=C/c2ccccc2)cc1,COc1ccc([C@H](C)Cc2ccccc2)cc1,0.01,[4.847447],0.9922127285941027
C=C(NC(C)=O)c1ccc(OC)cc1,COc1ccc([C@@H](C)NC(C)=O)cc1,0.01,[2.8763984],0.9466673171504904
CC(=O)N/C(C#N)=C/c1ccccc1,CC(=O)N[C@H](C#N)Cc1ccccc1,not_found,not_found,not_found
C=C(c1ccccc1)C(C)(C)C,C[C@H](c1ccccc1)C(C)(C)C,0.01,[1.84505655],0.8635456400583205
C/C(=C\c1ccccc1)c1ccccc1,C[C@H](Cc1ccccc1)c1ccccc1,0.01,[3.66585893],0.9750559352203937
CC(=O)NC1=C(c2ccccc2)CCCC1,CC(=O)N[C@H]1CCCC[C@H]1c1ccccc1,0.01,[0.80660653],0.6913859051964906
C/C(=C\c1ccccc1)c1ccccc1,C[C@@H](Cc1ccccc1)c1ccccc1,0.01,[3.12228871],0.9578028269662091
COC(=O)/C=C(\NC(C)=O)c1ccc(OC)cc1,COC(=O)C[C@@H](NC(C)=O)c1ccc(OC)cc1,not_found,not_found,not_found
C=C(CCCC)B1OC(C)(C)C(C)(C)O1,CCCC[C@@H](C)B1OC(C)(C)C(C)(C)O1,not_found,not_found,not_found
COC(=O)/C(=C\c1ccccc1)NC(C)=O,COC(=O)[C@@H](Cc1ccccc1)NC(C)=O,0.01,[1.56593232],0.8272029543299771
O=C(O)/C(=C/c1ccccc1)CO,O=C(O)[C@H](CO)Cc1ccccc1,0.01,[3.43752694],0.9688569824234656
C/C(=C\c1ccccc1)c1ccccc1,C[C@@H](Cc1ccccc1)c1ccccc1,0.01,[3.12228871],0.9578028269662091
C=C(/C=C\C)/C=C(\C)c1ccccc1,C=C(/C=C\C)C[C@@H](C)c1ccccc1,0.01,[0.98697675],0.7284903612909839
C=C(c1ccccc1)C(C)(C)C,C[C@H](c1ccccc1)C(C)(C)C,0.01,[1.84505655],0.8635456400583205
CCc1ccc2c(c1)C(=O)C(NC(C)=O)=C2,CCc1ccc2c(c1)C(=O)[C@@H](NC(C)=O)C2,not_found,not_found,not_found
COC(=O)/C(=C/c1ccccc1)NC(C)=O,COC(=O)[C@@H](Cc1ccccc1)NC(C)=O,not_found,not_found,not_found
COC(=O)/C(C)=C/c1ccccc1,COC(=O)[C@H](C)Cc1ccccc1,0.01,[3.46359857],0.9696341015377764
C=C(CC(=O)OC)C(=O)OC,COC(=O)C[C@@H](C)C(=O)OC,0.01,[2.72590187],0.9385378626699517
C=C(c1ccccc1)c1cc(F)ccc1O,C[C@@H](c1ccccc1)c1cc(F)ccc1O,not_found,not_found,not_found
CC(=O)NC1=C(C)CCCC1,CC(=O)N[C@H]1CCCC[C@H]1C,0.01,[1.86680893],0.8660886117197668
C/C(=C\C(=O)n1cccn1)c1ccccc1,C[C@H](CC(=O)n1cccn1)c1ccccc1,0.01,[3.18763475],0.9603662901622692
CCOC(=O)/C=C(\C)CCc1ccccc1,CCOC(=O)C[C@@H](C)CCc1ccccc1,0.01,[0.85260139],0.7011125586310613
C=C(CC(=O)OC)C(=O)OC,COC(=O)C[C@@H](C)C(=O)OC,0.01,[2.72590187],0.9385378626699517
C=C(CC(=O)c1ccccc1)C(=O)O,C[C@@H](CC(=O)c1ccccc1)C(=O)O,not_found,not_found,not_found
C=C(NC(C)=O)C(=O)OC,COC(=O)[C@H](C)NC(C)=O,0.01,[2.0134353],0.88220049733078
CCOC(=O)/C=C(/B1OC(C)(C)C(C)(C)O1)c1ccccc1,CCOC(=O)C[C@H](B1OC(C)(C)C(C)(C)O1)c1ccccc1,0.01,[0.72951311],0.6746984195148364
C=C(CC(=O)OC)C(=O)OC,COC(=O)C[C@H](C)C(=O)OC,0.01,[3.77717797],0.9776249141247384
O=C1OCCC/C1=C\c1ccccc1,O=C1OCCC[C@@H]1Cc1ccccc1,0.01,[2.10605375],0.8914901799201154
CCOC(=O)C1=C(NC(C)=O)CCC1,CCOC(=O)[C@H]1CCC[C@H]1NC(C)=O,0.01,[5.36292618],0.9953346965631258
C=C(NC(C)=O)c1cccc2ccccc12,CC(=O)N[C@@H](C)c1cccc2ccccc12,not_found,not_found,not_found
C=C(c1ccc(C)cc1)c1ccccn1,Cc1ccc([C@H](C)c2ccccn2)cc1,0.01,[1.22862727],0.7735782234531567
COC(=O)/C=C(\C#N)CC(C)C,COC(=O)C[C@@H](C#N)CC(C)C,not_found,not_found,not_found
O=S1(=O)CCCC=C(c2ccccc2)C1,O=S1(=O)CCCC[C@H](c2ccccc2)C1,not_found,not_found,not_found
O=C(O)/C=C(/c1ccccc1)c1ccccc1Cl,O=C(O)C[C@@H](c1ccccc1)c1ccccc1Cl,not_found,not_found,not_found
CC(=O)N/C(=C\c1ccccc1)C(=O)O,CC(=O)N[C@H](Cc1ccccc1)C(=O)O,0.01,[2.25051481],0.9046949324688001
CCOC(=O)/C=C(\C)c1ccccc1,CCOC(=O)C[C@@H](C)c1ccccc1,0.01,[2.67332177],0.9354339477355551
O=S1(=O)C(c2ccccc2)=Cc2ccccc21,O=S1(=O)c2ccccc2C[C@@H]1c1ccccc1,not_found,not_found,not_found
COc1ccc(O/C(=C\c2ccccc2)C(=O)O)cc1,COc1ccc(O[C@@H](Cc2ccccc2)C(=O)O)cc1,not_found,not_found,not_found
C=C(NC(C)=O)C(=O)OC,COC(=O)[C@H](C)NC(C)=O,0.01,[2.0134353],0.88220049733078
C=C(CC(=O)c1ccc(Br)cc1)C(=O)O,C[C@@H](CC(=O)c1ccc(Br)cc1)C(=O)O,not_found,not_found,not_found
C=C1c2ccccc2CCN1C,C[C@@H]1c2ccccc2CCN1C,0.01,[3.94969926],0.9811034632688956
C=C(NC(C)=O)c1ccccc1,CC(=O)N[C@@H](C)c1ccccc1,0.01,[4.33908762],0.9871196405101755
COC(=O)/C(=C/c1ccccc1)NC(C)=O,COC(=O)[C@@H](Cc1ccccc1)NC(C)=O,not_found,not_found,not_found
CC(C)/C=C1\CCCNC1=O,CC(C)C[C@@H]1CCCNC1=O,not_found,not_found,not_found
CC1=C(c2ccccc2)c2ccccc2CC1,C[C@H]1CCc2ccccc2[C@H]1c1ccccc1,not_found,not_found,not_found
CC(=O)NC1=CCCc2ccccc21,CC(=O)N[C@@H]1CCCc2ccccc21,0.01,[2.56895443],0.9288366156242062
C=C(CCCC)c1ccccc1,CCCC[C@H](C)c1ccccc1,0.01,[4.54345994],0.9894754042511873
COCCCOc1cc(/C=C(/C(=O)O)C(C)C)ccc1OC,COCCCOc1cc(C[C@@H](C(=O)O)C(C)C)ccc1OC,0.01,[2.9582609],0.9506524726525684
C=C(NC(C)=O)c1ccccc1,CC(=O)N[C@H](C)c1ccccc1,not_found,not_found,not_found
CCOC(=O)/C=C(\NC(C)=O)c1ccc(Cl)cc1,CCOC(=O)C[C@@H](NC(C)=O)c1ccc(Cl)cc1,not_found,not_found,not_found
CC(=O)NC1=C(Cc2ccccc2)CCCC1,CC(=O)N[C@H]1CCCC[C@H]1Cc1ccccc1,not_found,not_found,not_found
COC(=O)/C(=C/c1ccccc1)NC(C)=O,COC(=O)[C@@H](Cc1ccccc1)NC(C)=O,not_found,not_found,not_found
C=C(NC(C)=O)c1ccc(Cl)cc1,CC(=O)N[C@@H](C)c1ccc(Cl)cc1,0.01,[2.76063247],0.9405110307452236
CC(C)=CCC/C(C)=C/CO,CC(C)=CCC[C@@H](C)CCO,not_found,not_found,not_found
O=C1C=C(c2ccccc2)CN1,O=C1C[C@H](c2ccccc2)CN1,0.01,[0.38851995],0.5959263563687432
Fc1ccc(-c2cc3ccccc3o2)cc1,Fc1ccc([C@@H]2Cc3ccccc3O2)cc1,not_found,not_found,not_found
CCOC(=O)CC1=CCCCC1C(=O)OC,CCOC(=O)C[C@H]1CCCCC1C(=O)OC,0.01,[2.32297642],0.9107621436003738
COC(=O)/C(=C\CCCC1OCCO1)NC=O,COC(=O)[C@@H](CCCCC1OCCO1)NC=O,not_found,not_found,not_found
C=C(C(=O)O)c1ccccc1,C[C@H](C(=O)O)c1ccccc1,0.01,[3.94768016],0.9810659939337657
CC(=O)NC1=Cc2ccccc2CC1,CC(=O)N[C@H]1CCc2ccccc2C1,0.01,[2.41253102],0.9177778786247963
OCC1=COc2ccccc2O1,OC[C@H]1COc2ccccc2O1,not_found,not_found,not_found
CCOC(=O)/C=C(\C)c1ccccc1,CCOC(=O)C[C@@H](C)c1ccccc1,0.01,[2.67332177],0.9354339477355551
O=C1C/C(=C/c2ccc(F)cc2)CCN1,O=C1C[C@H](Cc2ccc(F)cc2)CCN1,0.01,[3.02108537],0.9535176545873157
CCC/C(=C/[N+](=O)[O-])NC(C)=O,CCC[C@@H](C[N+](=O)[O-])NC(C)=O,not_found,not_found,not_found
C/C(=C\c1ccccc1)c1ccccc1,C[C@@H](Cc1ccccc1)c1ccccc1,0.01,[3.12228871],0.9578028269662091
C/C=C(\C)c1ccc(OC)cc1,CC[C@H](C)c1ccc(OC)cc1,0.01,[2.85852036],0.9457574436512213
C/C(=C\c1ccccc1)CO,C[C@@H](CO)Cc1ccccc1,0.01,[2.5415572],0.9270042681548676
CCC/C=C(\OC(=O)c1ccccc1)P(=O)(OC)OC,CCCC[C@@H](OC(=O)c1ccccc1)P(=O)(OC)OC,not_found,not_found,not_found
COC(=O)/C(=C/c1ccc(Br)cc1)NC(C)=O,COC(=O)[C@H](Cc1ccc(Br)cc1)NC(C)=O,0.01,[4.19764904],0.9851917092845586
C/C=C(\NC(C)=O)C(=O)OC,CC[C@@H](NC(C)=O)C(=O)OC,0.01,[4.1312987],0.984191904104443
[H]/C=C(\NC(C)=O)C1=CC=CCC=C1,CC(=O)N[C@@H](C)C1=CC=CCC=C1,0.01,[2.68309854],0.9360219303456215
Brc1ccc2c(c1)CCC=C2c1ccccc1,Brc1ccc2c(c1)CCC[C@H]2c1ccccc1,not_found,not_found,not_found
C=C(NC(C)=O)C(=O)OC,COC(=O)[C@@H](C)NC(C)=O,0.01,[3.36950395],0.9667377439891106
C/C=C(\C)c1ccc(OC)cc1,CC[C@H](C)c1ccc(OC)cc1,0.01,[2.85852036],0.9457574436512213
C/C(=C\c1ccccc1)c1ccccc1,C[C@@H](Cc1ccccc1)c1ccccc1,0.01,[3.12228871],0.9578028269662091
CCOC(=O)/C=C(\Sc1ccccc1)c1ccccc1OC,CCOC(=O)C[C@@H](Sc1ccccc1)c1ccccc1OC,not_found,not_found,not_found
COC(=O)/C(=C/c1ccccc1)NC(C)=O,COC(=O)[C@H](Cc1ccccc1)NC(C)=O,0.01,[5.3787633],0.9954076629063359
C=C(NC(C)=O)C(=O)OC,COC(=O)[C@@H](C)NC(C)=O,0.01,[3.36950395],0.9667377439891106
O=c1[nH]c(-c2ccccc2)co1,O=C1N[C@H](c2ccccc2)CO1,0.01,[2.00886363],0.8817245653019131
CC(=O)N/C(=C\[N+](=O)[O-])c1ccccc1,CC(=O)N[C@@H](C[N+](=O)[O-])c1ccccc1,0.01,[1.94128553],0.8744933039883237
C=C(NC(C)=O)C(=O)OC,COC(=O)[C@H](C)NC(C)=O,0.01,[2.0134353],0.88220049733078
C/C(=C\c1ccccc1)c1ccccc1,C[C@H](Cc1ccccc1)c1ccccc1,0.01,[3.66585893],0.9750559352203937
COC(=O)/C(=C/CCN1C(=O)c2ccccc2C1=O)NC(C)=O,COC(=O)[C@@H](CCCN1C(=O)c2ccccc2C1=O)NC(C)=O,not_found,not_found,not_found
CC/C(=C\C(=O)OC)NC(C)=O,CC[C@@H](CC(=O)OC)NC(C)=O,0.01,[3.789091],0.9778840275511422
O=C(NC1=Cc2ccccc2CC1)c1ccccc1,O=C(N[C@H]1CCc2ccccc2C1)c1ccccc1,0.01,[3.30523426],0.9646079407766325
CC(=O)NC1=CCCC(c2ccccc2)=C1,CC(=O)N[C@H]1C=C(c2ccccc2)CCC1,0.01,[2.81642755],0.9435571091812739
CC(=O)N/C(=C\[N+](=O)[O-])c1ccccc1,CC(=O)N[C@H](C[N+](=O)[O-])c1ccccc1,0.01,[3.19214646],0.9605376624641091
CCOC(=O)/C=C(\C)c1ccccc1,CCOC(=O)C[C@@H](C)c1ccccc1,0.01,[2.67332177],0.9354339477355551
CC(=O)NC1=Cc2ccccc2CC1,CC(=O)N[C@H]1CCc2ccccc2C1,0.01,[2.41253102],0.9177778786247963
COC(=O)/C(=C/c1cccnc1)NC(C)=O,COC(=O)[C@H](Cc1cccnc1)NC(C)=O,not_found,not_found,not_found
C/C(=C\c1ccccc1)CO,C[C@H](CO)Cc1ccccc1,0.01,[2.08815925],0.8897469824734655
C/C(=C\c1ccccc1)c1ccccc1,C[C@@H](Cc1ccccc1)c1ccccc1,0.01,[3.12228871],0.9578028269662091
C=C(CCCC)c1ccccc1,CCCC[C@@H](C)c1ccccc1,not_found,not_found,not_found
C=C(NC(C)=O)c1ccccc1,CC(=O)N[C@H](C)c1ccccc1,not_found,not_found,not_found
CCOC(=O)c1c(C)ncc2ccccc12,CCOC(=O)[C@@H]1c2ccccc2CN[C@@H]1C,0.01,[2.75228776],0.9400424237634224
CC/C=C(/NC(C)=O)c1ccccc1,CCC[C@H](NC(C)=O)c1ccccc1,0.01,[0.54651331],0.6333262755812952
C/C(=N\c1ccccc1)c1ccccc1,C[C@@H](Nc1ccccc1)c1ccccc1,not_found,not_found,not_found
C=C(C(=O)O)c1ccccc1,C[C@H](C(=O)O)c1ccccc1,0.01,[3.94768016],0.9810659939337657
CCOC(=O)/C(F)=C(\C(=O)OCC)c1ccc(C(F)(F)F)cc1,CCOC(=O)[C@@H](F)[C@H](C(=O)OCC)c1ccc(C(F)(F)F)cc1,not_found,not_found,not_found
C=C(CC(=O)c1ccc(Cl)cc1)C(=O)O,C[C@@H](CC(=O)c1ccc(Cl)cc1)C(=O)O,not_found,not_found,not_found
COC(=O)C1=COc2ccccc2O1,COC(=O)[C@H]1COc2ccccc2O1,0.01,[2.18731165],0.8991042925647973
CCN1CCc2ccccc2/C1=C/c1ccccc1,CCN1CCc2ccccc2[C@H]1Cc1ccccc1,not_found,not_found,not_found
C=C(CC(=O)OC)C(=O)OC,COC(=O)C[C@H](C)C(=O)OC,0.01,[3.77717797],0.9776249141247384
C=C(CC(=O)OC)C(=O)OC,COC(=O)C[C@@H](C)C(=O)OC,0.01,[2.72590187],0.9385378626699517
C=C(NC(C)=O)C(=O)OC,COC(=O)[C@H](C)NC(C)=O,0.01,[2.0134353],0.88220049733078
C/C=C(\C)C(=O)O,CC[C@H](C)C(=O)O,0.01,[4.09643296],0.9836401981925892
O=C(O)/C(=C/c1ccccc1)c1ccccc1,O=C(O)[C@H](Cc1ccccc1)c1ccccc1,0.01,[3.82117995],0.9785674715574764
C=C(NC(C)=O)C(=O)OC,COC(=O)[C@H](C)NC(C)=O,0.01,[2.0134353],0.88220049733078
C=C(CC(=O)O)C(=O)O,C[C@@H](CC(=O)O)C(=O)O,0.01,[5.29636996],0.9950152259481332
C/C=C(/C)c1ccc(OC)cc1,CC[C@H](C)c1ccc(OC)cc1,0.01,[2.13200749],0.8939754354080908
C/C(=C\c1ccccc1)c1ccccc1,C[C@@H](Cc1ccccc1)c1ccccc1,0.01,[3.12228871],0.9578028269662091
C=C(CC(=O)OC)C(=O)OC,COC(=O)C[C@@H](C)C(=O)OC,0.01,[2.72590187],0.9385378626699517
C=C(CC(C)C)c1ccccc1,CC(C)C[C@H](C)c1ccccc1,0.01,[2.94176902],0.9498730243564395
COC(=O)/C=C(\NC(C)=O)c1ccccc1,COC(=O)C[C@@H](NC(C)=O)c1ccccc1,0.01,[5.32195028],0.9951405091740696
C=C(NC(C)=O)c1cccc(OC)c1,COc1cccc([C@@H](C)NC(C)=O)c1,0.01,[17.02875773],0.9999999597742206
CC(C)(C)OC(=O)N1CCC/C(=C\c2ccc(Cl)c(Cl)c2)C1=O,CC(C)(C)OC(=O)N1CCC[C@H](Cc2ccc(Cl)c(Cl)c2)C1=O,not_found,not_found,not_found
COC(=O)/C(=C/c1ccc[nH]1)NC(C)=O,COC(=O)[C@H](Cc1ccc[nH]1)NC(C)=O,not_found,not_found,not_found
CC(=O)NC1=C(C)CCCC1,CC(=O)N[C@H]1CCCC[C@H]1C,0.01,[1.86680893],0.8660886117197668
CCOC(=O)/C=C(\C)CCc1ccccc1,CCOC(=O)C[C@@H](C)CCc1ccccc1,0.01,[0.85260139],0.7011125586310613
C1=C(c2ccco2)Oc2ccccc2C1,c1coc([C@H]2CCc3ccccc3O2)c1,0.01,[1.41007768],0.8037781960991717
C=C(CC)c1ccc(OC)cc1,CC[C@H](C)c1ccc(OC)cc1,0.01,[2.29744735],0.908665408826905
C/C(=C\S(=O)(=O)c1ccc(C)cc1)c1ccc(Br)cc1,Cc1ccc(S(=O)(=O)C[C@@H](C)c2ccc(Br)cc2)cc1,not_found,not_found,not_found
C=C(NC(C)=O)c1ccc(Br)cc1,CC(=O)N[C@H](C)c1ccc(Br)cc1,0.01,[4.61323845],0.9901777908283549
COC(=O)/C(=C/C=C/c1ccc(Cl)cc1)NC(C)=O,COC(=O)[C@@H](C/C=C/c1ccc(Cl)cc1)NC(C)=O,not_found,not_found,not_found
C/C(=C\c1ccccc1)c1ccccc1,C[C@H](Cc1ccccc1)c1ccccc1,0.01,[3.66585893],0.9750559352203937
COC(=O)/C(=C/c1ccccc1)NC(C)=O,COC(=O)[C@@H](Cc1ccccc1)NC(C)=O,not_found,not_found,not_found
C=C(c1ccccc1)c1ccccc1C(=O)O,C[C@H](c1ccccc1)c1ccccc1C(=O)O,0.01,[5.24743762],0.9947665512889696
COc1ccc(C2=CC(NC(C)=O)=CCC2)cc1,COc1ccc(C2=C[C@H](NC(C)=O)CCC2)cc1,not_found,not_found,not_found
COc1cc(/C=C(\C)NC(C)=O)cc(OC)c1,COc1cc(C[C@@H](C)NC(C)=O)cc(OC)c1,0.01,[0.34361894],0.5850693372612233
COC(=O)/C=C(\NC(C)=O)c1ccccc1,COC(=O)C[C@@H](NC(C)=O)c1ccccc1,0.01,[5.32195028],0.9951405091740696
C/C=C(\C)c1ccc(OC)cc1,CC[C@@H](C)c1ccc(OC)cc1,0.01,[2.37650444],0.9150180133985251
C/C=C(\C)c1ccc(OC)cc1,CC[C@@H](C)c1ccc(OC)cc1,0.01,[2.37650444],0.9150180133985251
COc1ccc2c(c1)CCC=C2C,COc1ccc2c(c1)CCC[C@@H]2C,0.01,[2.2335555],0.9032225967745549
C=C(CCOC(=O)C(C)(C)C)B1OC(C)(C)C(C)(C)O1,C[C@H](CCOC(=O)C(C)(C)C)B1OC(C)(C)C(C)(C)O1,not_found,not_found,not_found
CC(=O)N/C(=C\c1ccccc1)C(=O)O,CC(=O)N[C@@H](Cc1ccccc1)C(=O)O,0.01,[3.0100618],0.9530266208920313
O=c1[nH]c(-c2ccccc2)co1,O=C1N[C@H](c2ccccc2)CO1,0.01,[2.00886363],0.8817245653019131
COC(=O)/C(=C/c1ccc(C)o1)NC=O,COC(=O)[C@@H](Cc1ccc(C)o1)NC=O,0.01,[1.9549679],0.8759873305993028
CCOC(=O)CC1=CCCCC1C(=O)OC,CCOC(=O)C[C@H]1CCCCC1C(=O)OC,0.01,[2.32297642],0.9107621436003738
COC(=O)/C(=C/c1ccccc1)NC(C)=O,COC(=O)[C@@H](Cc1ccccc1)NC(C)=O,not_found,not_found,not_found
CCCCCC1=CCc2[nH]ccc2C1,CCCCC[C@@H]1CCc2[nH]ccc2C1,not_found,not_found,not_found
COC(=O)/C(=C/c1ccccc1)NC(C)=O,COC(=O)[C@H](Cc1ccccc1)NC(C)=O,0.01,[5.3787633],0.9954076629063359
O=C1C=C(c2ccccc2)CCCN1,O=C1C[C@H](c2ccccc2)CCCN1,0.01,[1.75445305],0.8525135818567939
C=C(OP(=O)(c1ccccc1)c1ccccc1)c1ccc(C)cc1,Cc1ccc([C@H](C)OP(=O)(c2ccccc2)c2ccccc2)cc1,not_found,not_found,not_found
CC/C(=C\C(C)=O)c1ccccc1,CC[C@H](CC(C)=O)c1ccccc1,not_found,not_found,not_found
C/C(=C\c1ccccc1)c1ccccc1,C[C@@H](Cc1ccccc1)c1ccccc1,0.01,[3.12228871],0.9578028269662091
C=C(NC(C)=O)c1ccccc1,CC(=O)N[C@@H](C)c1ccccc1,0.01,[4.33908762],0.9871196405101755
C=C(CC(=O)OC)C(=O)O,COC(=O)C[C@@H](C)C(=O)O,0.01,[11.86989081],0.9999930020814946
COC(=O)/C=C(/C)NC(C)=O,COC(=O)C[C@H](C)NC(C)=O,0.01,[1.5609379],0.8264878948261905
CC(=O)N/C(=C/S(C)(=O)=O)c1ccccc1,CC(=O)N[C@@H](CS(C)(=O)=O)c1ccccc1,0.01,[0.56587233],0.6378101929632388
CC(=O)N/C(=C\[N+](=O)[O-])c1cccc(C)c1,CC(=O)N[C@H](C[N+](=O)[O-])c1cccc(C)c1,not_found,not_found,not_found
O=C1C=C(c2ccccc2F)C(=O)O1,O=C1C[C@H](c2ccccc2F)C(=O)O1,not_found,not_found,not_found
C=C(CC(=O)OC)C(=O)OC,COC(=O)C[C@H](C)C(=O)OC,0.01,[3.77717797],0.9776249141247384
C/C=C(\C)c1ccc(OC)cc1,CC[C@@H](C)c1ccc(OC)cc1,0.01,[2.37650444],0.9150180133985251
COC(=O)/C=C(\C#N)c1ccccc1,COC(=O)C[C@@H](C#N)c1ccccc1,0.01,[-0.74253879],0.3224492306955511
C=C(NC(C)=O)c1ccccc1,CC(=O)N[C@@H](C)c1ccccc1,0.01,[4.33908762],0.9871196405101755
CC(=O)N/C(=C\c1ccccc1)C(=O)O,CC(=O)N[C@@H](Cc1ccccc1)C(=O)O,0.01,[3.0100618],0.9530266208920313
CCOC(=O)C1=C(NC(C)=O)CCC1,CCOC(=O)[C@H]1CCC[C@H]1NC(C)=O,0.01,[5.36292618],0.9953346965631258
C=C(CC)c1ccccc1,CC[C@H](C)c1ccccc1,0.01,[1.83153303],0.8619442536464684
C=C(CC(=O)OC)C(=O)OC,COC(=O)C[C@@H](C)C(=O)OC,0.01,[2.72590187],0.9385378626699517
CCOC(=O)/C=C(\C)c1ccccc1,CCOC(=O)C[C@@H](C)c1ccccc1,0.01,[2.67332177],0.9354339477355551
C=C(NC(C)=O)c1ccc(Cl)cc1,CC(=O)N[C@H](C)c1ccc(Cl)cc1,0.01,[3.47264394],0.9698993034896232
COC(=O)/C(=C/c1cccc(Br)c1)NC(C)=O,COC(=O)[C@@H](Cc1cccc(Br)c1)NC(C)=O,0.01,[4.74005185],0.9913375014636905
OCC1=Cc2ccccc2OC1,OC[C@@H]1COc2ccccc2C1,0.01,[2.97220259],0.951302415753463
COC(=O)/C(NC(C)=O)=C(/c1ccccc1)c1cn(C(=O)OC(C)(C)C)c2ncccc12,COC(=O)[C@@H](NC(C)=O)[C@@H](c1ccccc1)c1cn(C(=O)OC(C)(C)C)c2ncccc12,0.01,[4.04026929],0.9827114191226222
COC(=O)/C(=C/c1cccc(F)c1)NC(C)=O,COC(=O)[C@H](Cc1cccc(F)c1)NC(C)=O,not_found,not_found,not_found
C/C=C(\C)c1ccc(OC)cc1,CC[C@@H](C)c1ccc(OC)cc1,0.01,[2.37650444],0.9150180133985251
CC(=O)NC1=CCCc2ccccc21,CC(=O)N[C@@H]1CCCc2ccccc21,0.01,[2.56895443],0.9288366156242062
O=C1C=C(c2ccccc2)C(=O)O1,O=C1C[C@H](c2ccccc2)C(=O)O1,0.01,[1.36050543],0.7958418306075069
C=C(OC(=O)N(c1ccccc1)c1ccccc1)c1ccccc1,C[C@H](OC(=O)N(c1ccccc1)c1ccccc1)c1ccccc1,0.01,[1.14789742],0.7591266626841625
C=C(NC(C)=O)c1ccccc1,CC(=O)N[C@@H](C)c1ccccc1,0.01,[4.33908762],0.9871196405101755
CCCC/C(=C/P(=O)(OC)OC)OC(=O)c1ccccc1,COP(=O)(C[C@H](OC(=O)c1ccccc1)C(C)C)OC,not_found,not_found,not_found
CC/C=C(/NC(C)=O)c1ccccc1,CCC[C@H](NC(C)=O)c1ccccc1,0.01,[0.54651331],0.6333262755812952
C=C(CC)c1ccccc1,CC[C@H](C)c1ccccc1,0.01,[1.83153303],0.8619442536464684
C/C(=C\[N+](=O)[O-])c1ccccc1,C[C@@H](C[N+](=O)[O-])c1ccccc1,not_found,not_found,not_found
C=C(NC(C)=O)C(=O)OC,COC(=O)[C@H](C)NC(C)=O,0.01,[2.0134353],0.88220049733078
CC1=Cc2ccccc2CC1,C[C@H]1CCc2ccccc2C1,0.01,[4.62374639],0.9902794636500054
C=C(NC(C)=O)c1ccc(F)cc1,CC(=O)N[C@H](C)c1ccc(F)cc1,0.01,[0.87741304],0.706285853114248
CCc1cccc(C)c1/N=C(\C)COC,CCc1cccc(C)c1N[C@@H](C)COC,0.01,[1.11940326],0.7538780107770854
CC(=O)NC1=CCCC(c2ccccc2)=C1,CC(=O)N[C@H]1C=C(c2ccccc2)CCC1,0.01,[2.81642755],0.9435571091812739
CCOC(=O)/C=C(\C)c1ccc(OC)cc1,CCOC(=O)C[C@H](C)c1ccc(OC)cc1,0.01,[4.19790813],0.9851954886888339
COC(=O)/C(C)=C(\c1cccc(OCc2ccccc2)c1)C1CC1,COC(=O)[C@H](C)[C@@H](c1cccc(OCc2ccccc2)c1)C1CC1,0.01,[4.30874359],0.986728074962048
C/C=C(\C)c1ccc(OC)cc1,CC[C@H](C)c1ccc(OC)cc1,0.01,[2.85852036],0.9457574436512213
CCOC(=O)/C(OC(C)=O)=C(\NC(C)=O)c1ccccc1,CCOC(=O)[C@H](OC(C)=O)[C@@H](NC(C)=O)c1ccccc1,0.01,[1.86965197],0.8664180022150697
C=C(B1OC(C)(C)C(C)(C)O1)c1ccccc1,C[C@H](B1OC(C)(C)C(C)(C)O1)c1ccccc1,0.01,[0.3615011],0.5894037594234074
C/C=C(/C)c1ccc(OC)cc1,CC[C@H](C)c1ccc(OC)cc1,0.01,[2.13200749],0.8939754354080908
C=C(NC(C)=O)C(=O)OC,COC(=O)[C@H](C)NC(C)=O,0.01,[2.0134353],0.88220049733078
C/C=C(\Oc1ccccc1)C(=O)O,CC[C@H](Oc1ccccc1)C(=O)O,0.01,[3.53196223],0.9715836374151913
CC(=O)NC1=CCCc2ccccc21,CC(=O)N[C@@H]1CCCc2ccccc21,0.01,[2.56895443],0.9288366156242062
C=C(CC)OC(=O)c1ccccc1,CC[C@H](C)OC(=O)c1ccccc1,not_found,not_found,not_found
CC(=O)N/C(=C\[N+](=O)[O-])C(C)C,CC(=O)N[C@H](C[N+](=O)[O-])C(C)C,not_found,not_found,not_found
CCOC(=O)/C=C(\C)c1ccccc1,CCOC(=O)C[C@@H](C)c1ccccc1,0.01,[2.67332177],0.9354339477355551
COC(=O)c1ccc(O)c(C2=CCCC2(C)C)c1,COC(=O)c1ccc(O)c([C@@H]2CCCC2(C)C)c1,not_found,not_found,not_found
C=C(CC(=O)OC)C(=O)OC,COC(=O)C[C@@H](C)C(=O)OC,0.01,[2.72590187],0.9385378626699517
CC(=O)OC/C=C(\C)c1ccccc1,CC(=O)OCC[C@@H](C)c1ccccc1,not_found,not_found,not_found
C/C(=C\c1ccccc1)CO,CC(CO)[C@@H](C)c1ccccc1,not_found,not_found,not_found
COc1ccc(/C=C(\C)C(C)=O)cc1,COc1ccc(C[C@H](C)C(C)=O)cc1,0.01,[4.71676529],0.991135223843943
CC(C)(C)OC(=O)C(=O)N/C(=C\C1CC1)C(=O)OCc1ccccc1,CC(C)(C)OC(=O)C(=O)N[C@@H](CC1CC1)C(=O)OCc1ccccc1,0.01,[3.38213813],0.9671416199916866
C/C(=C\[N+](=O)[O-])c1ccccc1,C[C@@H](C[N+](=O)[O-])c1ccccc1,not_found,not_found,not_found
CC(C)/C(=C\C(=O)c1ccccc1)c1ccccc1,CC(C)[C@@H](CC(=O)c1ccccc1)c1ccccc1,not_found,not_found,not_found
CC(=O)NC1=Cc2ccccc2CC1,CC(=O)N[C@@H]1CCc2ccccc2C1,0.01,[0.924551],0.7159684945457477
C/C(=C\c1ccccc1)c1ccccc1,C[C@H](Cc1ccccc1)c1ccccc1,0.01,[3.66585893],0.9750559352203937
C/C(=C\c1ccccc1)C(=O)OC(C)C,CC(C)OC(=O)[C@H](C)Cc1ccccc1,0.01,[7.09676749],0.9991729082502329
C=C(C(=O)O)c1ccc2cc(OC)ccc2c1,COc1ccc2cc([C@@H](C)C(=O)O)ccc2c1,not_found,not_found,not_found
C=C(CC(=O)O)C(=O)OC,COC(=O)[C@H](C)CC(=O)O,0.01,[5.21629381],0.9946018908623938
CCC(/C=C(\NC(C)=O)C(=O)OC)CC,CCC(CC)C[C@@H](NC(C)=O)C(=O)OC,not_found,not_found,not_found
COC(=O)/C(=C/c1ccc(Cl)cc1)NC(C)=O,COC(=O)[C@H](Cc1ccc(Cl)cc1)NC(C)=O,0.01,[3.83818469],0.9789212275874014
C=C(c1ccccc1)C(C)(C)C,C[C@H](c1ccccc1)C(C)(C)C,0.01,[1.84505655],0.8635456400583205
COC(=O)/C(=C/c1ccccc1)NC(C)=O,COC(=O)[C@H](Cc1ccccc1)NC(C)=O,0.01,[5.3787633],0.9954076629063359
C/C=C(\Oc1ccccc1)C(=O)O,CC[C@@H](Oc1ccccc1)C(=O)O,0.01,[3.02107499],0.9535171944967564
C=C(CC)c1ccc(OC)cc1,CC[C@H](C)c1ccc(OC)cc1,0.01,[2.29744735],0.908665408826905
C=C(CC(=O)OC)C(=O)OC,COC(=O)C[C@@H](C)C(=O)OC,0.01,[2.72590187],0.9385378626699517
COC(=O)/C(=C/c1ccccc1)NC(C)=O,COC(=O)[C@@H](Cc1ccccc1)NC(C)=O,not_found,not_found,not_found
COC(=O)/C(=C/c1ccccc1)NC(C)=O,COC(=O)[C@H](Cc1ccccc1)NC(C)=O,0.01,[5.3787633],0.9954076629063359
C=C(CC(C)C)c1ccccc1,CC(C)C[C@H](C)c1ccccc1,0.01,[2.94176902],0.9498730243564395
C1=C(N2CCCC2)c2ccccc2CC1,c1ccc2c(c1)CCC[C@@H]2N1CCCC1,not_found,not_found,not_found
CCOC(=O)/C(F)=C\c1ccccc1,CCOC(=O)[C@@H](F)Cc1ccccc1,not_found,not_found,not_found
C/C=C(/C)c1ccc(OC)cc1,CC[C@H](C)c1ccc(OC)cc1,0.01,[2.13200749],0.8939754354080908
C=C(OC(=O)c1ccccc1)P(=O)(OC)OC,COP(=O)(OC)[C@H](C)OC(=O)c1ccccc1,0.01,[3.05725837],0.9550948588879596
COc1ccc(/C(C)=C/c2ccccc2)cc1,COc1ccc([C@H](C)Cc2ccccc2)cc1,0.01,[4.847447],0.9922127285941027
CC1(C)OB(/C(=C/c2ccccc2)N2CCOC2=O)OC1(C)C,CC1(C)OB([C@@H](Cc2ccccc2)N2CCOC2=O)OC1(C)C,0.01,[1.4558942],0.8109038994587169
O=C(O)/C=C(\c1ccccc1)c1ccc(Br)cc1,O=C(O)C[C@H](c1ccccc1)c1ccc(Br)cc1,not_found,not_found,not_found
CCOC(=O)/C=C1\Nc2ccccc2OC1=O,CCOC(=O)C[C@H]1Nc2ccccc2OC1=O,0.01,[2.36221313],0.913900108853896
C=C(c1ccc(Cl)cc1)N(C)Cc1ccccc1,C[C@H](c1ccc(Cl)cc1)N(C)Cc1ccccc1,not_found,not_found,not_found
COC(=O)/C(=C/c1ccccc1)NC(C)=O,COC(=O)[C@@H](Cc1ccccc1)NC(C)=O,not_found,not_found,not_found
CON(C)C(=O)/C=C(\C)c1ccccc1,CON(C)C(=O)C[C@@H](C)c1ccccc1,0.01,[2.66681602],0.935039903289723
C=C(NC(C)=O)c1ccc(C(F)(F)F)cc1,CC(=O)N[C@H](C)c1ccc(C(F)(F)F)cc1,0.01,[6.75518602],0.9988365321000896
C/C=C(\C)c1ccc(OC)cc1,CC[C@@H](C)c1ccc(OC)cc1,0.01,[2.37650444],0.9150180133985251
CC(C)(C)OC(=O)N1CCCC/C(=C\c2ccccc2)C1=O,CC(C)(C)OC(=O)N1CCCC[C@@H](Cc2ccccc2)C1=O,0.01,[4.12362197],0.9840720230539023
C=C(NC=O)C(=O)OC,COC(=O)[C@@H](C)NC=O,not_found,not_found,not_found
C=C(CC(=O)OC)C(=O)O,COC(=O)C[C@@H](C)C(=O)O,0.01,[11.86989081],0.9999930020814946
COC(=O)/C(=C/c1ccccc1Cl)NC(C)=O,COC(=O)[C@@H](Cc1ccccc1Cl)NC(C)=O,0.01,[2.551683],0.9276864986174319
C/C(=C\c1ccccc1)c1ccccc1,C[C@@H](Cc1ccccc1)c1ccccc1,0.01,[3.12228871],0.9578028269662091
COc1ccc(/C=C(\C)CO)cc1,COc1ccc(C[C@@H](C)CO)cc1,not_found,not_found,not_found
CC(=O)N/C(=C\Cc1ccccc1)c1ccccc1,CC(=O)N[C@H](CCc1ccccc1)c1ccccc1,not_found,not_found,not_found
C/C(=C\c1ccccc1)c1ccccc1,C[C@H](Cc1ccccc1)c1ccccc1,0.01,[3.66585893],0.9750559352203937
CC/C=C(\NC(C)=O)c1ccccc1,CCC[C@H](NC(C)=O)c1ccccc1,0.01,[2.83250022],0.9444070158105649
COC(=O)/C(=C/c1ccc(OC)cc1)NC(C)=O,COC(=O)[C@@H](Cc1ccc(OC)cc1)NC(C)=O,0.01,[5.05507096],0.9936634931264323
COc1ccc2c(c1)CCC=C2C,COc1ccc2c(c1)CCC[C@H]2C,0.01,[1.44964173],0.8099432893916865
CC(C)(C)[NH3+].CC(C)/C=C(\C#N)CC(=O)[O-],CC(C)(C)[NH3+].CC(C)C[C@H](C#N)CC(=O)[O-],not_found,not_found,not_found
CCOC(=O)/C=C(\C)c1ccccc1,CCOC(=O)C[C@@H](C)c1ccccc1,0.01,[2.67332177],0.9354339477355551
CCOC(=O)/C=C(\C)c1ccccc1,CCOC(=O)C[C@@H](C)c1ccccc1,0.01,[2.67332177],0.9354339477355551
C/C(=C\c1ccccc1)c1ccccc1,C[C@@H](Cc1ccccc1)c1ccccc1,0.01,[3.12228871],0.9578028269662091
O=C(/C=C1/CCc2ccccc2N1)c1ccccc1,O=C(C[C@H]1CCc2ccccc2N1)c1ccccc1,0.01,[3.12002115],0.9577110847136714
[H]/C=C(/NC(C)=O)C(=O)OC,COC(=O)[C@@H](C)NC(C)=O,0.01,[1.95702201],0.8762103044699309
CCOC(=O)/C=C(/C)c1ccccc1,CCOC(=O)C[C@H](C)c1ccccc1,0.01,[-0.4322132],0.393597963719242
C=C(/C=C\C)/C=C(\C)c1ccccc1,C=C(/C=C\C)C[C@@H](C)c1ccccc1,0.01,[0.98697675],0.7284903612909839
COC(=O)/C(C)=C/c1ccccc1,COC(=O)[C@H](C)Cc1ccccc1,0.01,[3.46359857],0.9696341015377764
COC(=O)/C(C)=C/c1ccccc1,COC(=O)[C@@H](C)Cc1ccccc1,0.01,[3.65463922],0.9747815916597721
C=C(NC(C)=O)c1ccccc1,CC(=O)N[C@H](C)c1ccccc1,not_found,not_found,not_found
C=C(CC(=O)OC)C(=O)O,COC(=O)C[C@H](C)C(=O)O,0.01,[1.72518477],0.8487954624951795
CC(=O)N/C(C#N)=C\c1ccccc1,CC(=O)N[C@H](C#N)Cc1ccccc1,not_found,not_found,not_found
C=C(CC(=O)C1CC1)C(=O)O,C[C@@H](CC(=O)C1CC1)C(=O)O,not_found,not_found,not_found
C/C(=C\c1ccccc1)c1ccccc1,C[C@H](Cc1ccccc1)c1ccccc1,0.01,[3.66585893],0.9750559352203937
COC(=O)/C(=C/c1ccccc1)NC(C)=O,COC(=O)[C@@H](Cc1ccccc1)NC(C)=O,not_found,not_found,not_found
COC(=O)/C(=C/c1ccccc1)NC(C)=O,COC(=O)[C@@H](Cc1ccccc1)NC(C)=O,not_found,not_found,not_found
C=C(CC(=O)O)C(=O)O,C[C@H](CC(=O)O)C(=O)O,0.01,[3.552429],0.9721432808166518
C/C(=C\c1ccccc1)C(=O)O,C[C@@H](Cc1ccccc1)C(=O)O,0.01,[2.38644485],0.9157877980742418
Brc1ccc(C2=CCc3ccccc3O2)cc1,Brc1ccc([C@H]2CCc3ccccc3O2)cc1,0.01,[0.72414672],0.6735194986801966
CCC/C(=C\C(=O)OCC)NC(C)=O,CCC[C@H](CC(=O)OCC)NC(C)=O,0.01,[3.69649751],0.9757903751645753
COC(=O)/C=C(\C)NC(C)=O,COC(=O)C[C@H](C)NC(C)=O,0.01,[4.74696626],0.991396677392694
COC(=O)/C(F)=C(\NC(C)=O)c1ccc2ccccc2c1,COC(=O)[C@H](F)[C@@H](NC(C)=O)c1ccc2ccccc2c1,not_found,not_found,not_found
C=C(c1ccccc1)c1ccccc1C(=O)O,C[C@H](c1ccccc1)c1ccccc1C(=O)O,0.01,[5.24743762],0.9947665512889696
CC(=O)N/C(C)=C\C(=O)c1ccccc1,CC(=O)N[C@@H](C)CC(=O)c1ccccc1,0.01,[4.93893791],0.9928887311265181
CON(C)C(=O)/C=C(\C)c1ccccc1,CON(C)C(=O)C[C@@H](C)c1ccccc1,0.01,[2.66681602],0.935039903289723
CCOC(=O)/C(F)=C(\NC(C)=O)c1ccccc1,CCOC(=O)[C@H](F)[C@@H](NC(C)=O)c1ccccc1,0.01,[1.88786745],0.8685121868714586
CC(C)/C=C(/Cl)B1OC(C)(C)C(C)(C)O1,CC(C)C[C@@H](Cl)B1OC(C)(C)C(C)(C)O1,0.01,[0.86123809],0.7029192610165903
C=C(CC)c1ccccc1,CC[C@@H](C)c1ccccc1,0.01,[2.57074118],0.9289546281301602
CCOC(=O)/C=C(\C)c1ccccc1,CCOC(=O)C[C@@H](C)c1ccccc1,0.01,[2.67332177],0.9354339477355551
CC/C(C)=C/[C@@H](O)CO[Si](c1ccccc1)(c1ccccc1)C(C)(C)C,C[C@@H](CO)C[C@@H](O)CO[Si](c1ccccc1)(c1ccccc1)C(C)(C)C,not_found,not_found,not_found
C=C(NC(C)=O)c1ccc(Cl)cc1,CC(=O)N[C@@H](C)c1ccc(Cl)cc1,0.01,[2.76063247],0.9405110307452236
Cc1cc2ccccc2[nH]1,C[C@@H]1Cc2ccccc2N1,0.01,[3.86931149],0.9795540277515205
C/C=C(/C)c1ccc(OC)cc1,CC[C@@H](C)c1ccc(OC)cc1,not_found,not_found,not_found
CC(=O)NC1=CCCC(/C=C/c2ccccc2)=C1,CC(=O)N[C@H]1C=C(/C=C/c2ccccc2)CCC1,not_found,not_found,not_found
COc1ccc2c(c1)CCC(NC(C)=O)=C2,COc1ccc2c(c1)CC[C@@H](NC(C)=O)C2,not_found,not_found,not_found
CC1=C(C)c2ccccc2C1,C[C@H]1Cc2ccccc2[C@H]1C,0.01,[2.70502112],0.9373222796769308
C=C(CC(=O)O)C(=O)OC,COC(=O)[C@H](C)CC(=O)O,0.01,[5.21629381],0.9946018908623938
[H]/C=C(/NC(C)=O)C(=O)OC,COC(=O)[C@@H](C)NC(C)=O,0.01,[1.95702201],0.8762103044699309
C=C(NC(C)=O)C(=C)c1ccccc1,C=C(c1ccccc1)[C@H](C)NC(C)=O,0.01,[3.32081494],0.9651360235102577
C/C(=C\c1ccccc1)c1ccccc1,C[C@H](Cc1ccccc1)c1ccccc1,0.01,[3.66585893],0.9750559352203937
O=C(O)/C(=C/c1ccccc1)c1ccccc1,O=C(O)[C@H](Cc1ccccc1)c1ccccc1,0.01,[3.82117995],0.9785674715574764
COC(=O)/C(=C/c1ccccc1)CNC(C)=O,COC(=O)[C@@H](CNC(C)=O)Cc1ccccc1,0.01,[4.75196467],0.9914392058785566
C=C(CC)c1ccccc1,CC[C@H](C)c1ccccc1,0.01,[1.83153303],0.8619442536464684
C/C(=C\CO)c1ccccc1,C[C@@H](CCO)c1ccccc1,0.01,[13.5328635],0.9999986733649013
C=C(C(=O)O)c1ccccc1,C[C@H](C(=O)O)c1ccccc1,0.01,[3.94768016],0.9810659939337657
O=C1CCC/C1=C\c1ccccc1,O=C1CCC[C@H]1Cc1ccccc1,0.01,[4.05697461],0.9829929604238389
C=C(NC(C)=O)c1ccccc1,CC(=O)N[C@H](C)c1ccccc1,not_found,not_found,not_found
COC(=O)/C=C(\C)NC(C)=O,COC(=O)C[C@H](C)NC(C)=O,0.01,[4.74696626],0.991396677392694
Cc1ccccc1C(=O)/C=C1/CCc2ccccc2N1,Cc1ccccc1C(=O)C[C@H]1CCc2ccccc2N1,not_found,not_found,not_found
C=C1CCCCc2ccccc21,C[C@H]1CCCCc2ccccc21,not_found,not_found,not_found
O=C1/C(=C/c2ccccc2)Cc2ccccc21,O=C1c2ccccc2C[C@@H]1Cc1ccccc1,not_found,not_found,not_found
CC(C)(C)c1ccc2c(c1)C=C(CO)CO2,CC(C)(C)c1ccc2c(c1)C[C@H](CO)CO2,not_found,not_found,not_found
C=C(CC(=O)OC)C(=O)OC,COC(=O)C[C@H](C)C(=O)OC,0.01,[3.77717797],0.9776249141247384
COC(=O)/C(=C/c1ccccc1)NC(C)=O,COC(=O)[C@@H](Cc1ccccc1)NC(C)=O,not_found,not_found,not_found
COC(=O)/C(=C/c1ccccc1)NC(C)=O,COC(=O)[C@@H](Cc1ccccc1)NC(C)=O,not_found,not_found,not_found
C/C=C(\C)c1ccc(OC)cc1,CC[C@@H](C)c1ccc(OC)cc1,0.01,[2.37650444],0.9150180133985251
CCOC(=O)/C=C(\C)c1ccccc1,CCOC(=O)C[C@@H](C)c1ccccc1,0.01,[2.67332177],0.9354339477355551
COC(=O)/C(=C/c1ccccc1)CNC(C)=O,COC(=O)[C@@H](CNC(C)=O)Cc1ccccc1,0.01,[4.75196467],0.9914392058785566
COc1cccc2c1C=C(NC(C)=O)CC2,COc1cccc2c1C[C@H](NC(C)=O)CC2,not_found,not_found,not_found
CCOC(=O)/C=C(/B1OC(C)(C)C(C)(C)O1)c1ccc(F)cc1,CCOC(=O)C[C@H](B1OC(C)(C)C(C)(C)O1)c1ccc(F)cc1,not_found,not_found,not_found
CCOC(=O)/C=C(\C)c1ccccc1,CCOC(=O)C[C@@H](C)c1ccccc1,0.01,[2.67332177],0.9354339477355551
CCOC(=O)/C=C(/B1OC(C)(C)C(C)(C)O1)c1ccccc1,CCOC(=O)C[C@@H](B1OC(C)(C)C(C)(C)O1)c1ccccc1,0.01,[3.46525546],0.9696828486886165
C=C(NC(C)=O)C(=O)OC,COC(=O)[C@@H](C)NC(C)=O,0.01,[3.36950395],0.9667377439891106
CCOC(=O)/C=C(\C)c1ccccc1,CCOC(=O)C[C@H](C)c1ccccc1,0.01,[2.01002377],0.8818454989369242
C/C(=C\c1ccc(C)cc1)C(=O)O,Cc1ccc(C[C@@H](C)C(=O)O)cc1,not_found,not_found,not_found
CC(=O)NC1=CCCc2ccccc21,CC(=O)N[C@@H]1CCCc2ccccc21,0.01,[2.56895443],0.9288366156242062
C=C(C[Si](C)(C)C)c1ccccc1,C[C@H](C[Si](C)(C)C)c1ccccc1,not_found,not_found,not_found
C/C=C(\NC(C)=O)C(=O)CC,CCC(=O)[C@H](CC)NC(C)=O,not_found,not_found,not_found
C=C(c1ccccc1)C(C)(C)C,C[C@H](c1ccccc1)C(C)(C)C,0.01,[1.84505655],0.8635456400583205
C=C(NC(C)=O)c1cccc2ccccc12,CC(=O)N[C@H](C)c1cccc2ccccc12,0.01,[3.46813387],0.9697673539934065
Cc1ccccc1/C=C1\CCCCC1=O,Cc1ccccc1C[C@@H]1CCCCC1=O,not_found,not_found,not_found
COC(=O)/C=C(/C)NC(C)=O,COC(=O)C[C@@H](C)NC(C)=O,0.01,[7.94078557],0.9996441998756452
COC(=O)/C(=C/c1ccccc1)NC(C)=O,COC(=O)[C@H](Cc1ccccc1)NC(C)=O,0.01,[5.3787633],0.9954076629063359
COC(=O)/C=C(\C)NC(C)=O,COC(=O)C[C@H](C)NC(C)=O,0.01,[4.74696626],0.991396677392694
c1ccc(C2=NCCC2)cc1,c1ccc([C@@H]2CCCN2)cc1,not_found,not_found,not_found
C=C(c1ccccc1)P(=O)(O)O,C[C@@H](c1ccccc1)P(=O)(O)O,0.01,[3.82856863],0.9787218889931019
O=C(O)/C(=C/c1ccccc1)c1ccccc1,O=C(O)[C@H](Cc1ccccc1)c1ccccc1,0.01,[3.82117995],0.9785674715574764
C=C(CC(=O)OC)C(=O)OC,COC(=O)C[C@@H](C)C(=O)OC,0.01,[2.72590187],0.9385378626699517
CC(C)=C(C(=O)O)c1ccc(F)cc1,CC(C)[C@@H](C(=O)O)c1ccc(F)cc1,not_found,not_found,not_found
C=C(c1ccccc1)c1ccccc1C(=O)O,C[C@@H](c1ccccc1)c1ccccc1C(=O)O,not_found,not_found,not_found
CCCCc1cc2ccccc2[nH]1,CCCC[C@@H]1Cc2ccccc2N1,not_found,not_found,not_found
C/C(=C\c1ccccc1)c1ccccc1,C[C@H](Cc1ccccc1)c1ccccc1,0.01,[3.66585893],0.9750559352203937
C/C=C(\C)c1ccc(OC)cc1,CC[C@@H](C)c1ccc(OC)cc1,0.01,[2.37650444],0.9150180133985251
C=C(CC(=O)OC)C(=O)OC,COC(=O)C[C@@H](C)C(=O)OC,0.01,[2.72590187],0.9385378626699517
C=C(CC(=O)OC)C(=O)OC,COC(=O)C[C@@H](C)C(=O)OC,0.01,[2.72590187],0.9385378626699517
C=C(c1ccccc1)c1ccccc1C(=O)O,C[C@@H](c1ccccc1)c1ccccc1C(=O)O,not_found,not_found,not_found
COC(=O)/C(=C/c1ccco1)NC(=O)OCc1ccccc1,COC(=O)[C@@H](Cc1ccco1)NC(=O)OCc1ccccc1,not_found,not_found,not_found
COC(=O)c1ccc(C2=CC(=O)Nc3ccccc3S2)cc1,COC(=O)c1ccc([C@H]2CC(=O)Nc3ccccc3S2)cc1,not_found,not_found,not_found
C/C=C(/c1ccccc1)[Si](C)(C)C,CC[C@@H](c1ccccc1)[Si](C)(C)C,not_found,not_found,not_found
C=C(CC)c1ccccc1,CC[C@@H](C)c1ccccc1,0.01,[2.57074118],0.9289546281301602
C=C(CC)c1ccc(OC)cc1,CC[C@@H](C)c1ccc(OC)cc1,0.01,[1.97856289],0.8785278819999639
COC(=O)/C=C(\C)NC(C)=O,COC(=O)C[C@H](C)NC(C)=O,0.01,[4.74696626],0.991396677392694
CCOC(=O)/C=C(\Sc1ccccc1)c1ccc(F)cc1,CCOC(=O)C[C@@H](Sc1ccccc1)c1ccc(F)cc1,not_found,not_found,not_found
CCOC(=O)/C(F)=C/c1ccccc1,CCOC(=O)[C@@H](F)Cc1ccccc1,not_found,not_found,not_found
C=C(NC(C)=O)C(=O)O,CC(=O)N[C@@H](C)C(=O)O,0.01,[2.50557229],0.9245315358425358
C=C(CC(=O)OC)C(=O)OC,COC(=O)C[C@H](C)C(=O)OC,0.01,[3.77717797],0.9776249141247384
O=C1C[C@H](Cc2ccccc2)C(=O)N1Cc1ccccc1,O=C1C[C@H](Cc2ccccc2)C(=O)N1Cc1ccccc1,0.01,[4.64561121],0.9904876949030839
C=C(B1OC(C)(C)C(C)(C)O1)c1ccc(OC)cc1,COc1ccc([C@H](C)B2OC(C)(C)C(C)(C)O2)cc1,not_found,not_found,not_found
C=C(NC(C)=O)c1ccc(F)cc1,CC(=O)N[C@@H](C)c1ccc(F)cc1,0.01,[10.86064697],0.9999808012650186
COC(=O)/C(=C/c1ccccc1)NC(C)=O,COC(=O)[C@H](Cc1ccccc1)NC(C)=O,0.01,[5.3787633],0.9954076629063359
c1ccc(-c2cc3ccccc3o2)cc1,c1ccc([C@@H]2Cc3ccccc3O2)cc1,not_found,not_found,not_found
COC(=O)C(NC=O)=C1CCCCC1,COC(=O)[C@@H](NC=O)C1CCCCC1,not_found,not_found,not_found
CC(=O)NC1=Cc2ccccc2CC1,CC(=O)N[C@@H]1CCc2ccccc2C1,0.01,[0.924551],0.7159684945457477
C=C(CC)c1ccccc1,CC[C@H](C)c1ccccc1,0.01,[1.83153303],0.8619442536464684
C/C=C(/C)c1ccc(OC)cc1,CC[C@@H](C)c1ccc(OC)cc1,not_found,not_found,not_found
C=C(CC(=O)OC)C(=O)OC,COC(=O)C[C@H](C)C(=O)OC,0.01,[3.77717797],0.9776249141247384
COc1ccc2c(c1)C=C(NC(C)=O)CC2,COc1ccc2c(c1)C[C@@H](NC(C)=O)CC2,0.01,[3.6766372],0.9753167448249878
CCOC(=O)/C=C(\C)c1ccccc1,CCOC(=O)C[C@@H](C)c1ccccc1,0.01,[2.67332177],0.9354339477355551
C=C(CC(=O)OC)C(=O)O,COC(=O)C[C@@H](C)C(=O)O,0.01,[11.86989081],0.9999930020814946
C=C(NC(C)=O)c1ncc(Br)cc1F,CC(=O)N[C@H](C)c1ncc(Br)cc1F,not_found,not_found,not_found
COC(=O)/C(=C/c1ccccc1OC)NC(C)=O,COC(=O)[C@H](Cc1ccccc1OC)NC(C)=O,0.01,[0.39289274],0.5969788729372191
CCOC(=O)/C=C(/B1OC(C)(C)C(C)(C)O1)c1ccccc1,CCOC(=O)C[C@@H](B1OC(C)(C)C(C)(C)O1)c1ccccc1,0.01,[3.46525546],0.9696828486886165
CCOP(=O)(/C=C(\N)c1ccccc1)OCC,CCOP(=O)(C[C@H](N)c1ccccc1)OCC,0.01,[0.6381628],0.6543380415057215
CCOC(=O)/C=C(\C)c1ccc(SC)cc1,CCOC(=O)C[C@@H](C)c1ccc(SC)cc1,not_found,not_found,not_found
COC(=O)/C(=C/c1ccccc1)NC(C)=O,COC(=O)[C@@H](Cc1ccccc1)NC(C)=O,not_found,not_found,not_found
CCN1CCC(NC(=O)c2ccccc2)=C(F)C1,CCN1CC[C@@H](NC(=O)c2ccccc2)[C@@H](F)C1,0.01,[4.4808547],0.988803060513869
CC(=O)/C=C(\C)c1ccccc1,CC(=O)C[C@@H](C)c1ccccc1,0.01,[1.75780995],0.852935159471067
CC1=C(C)c2ccccc2C1,C[C@@H]1Cc2ccccc2[C@@H]1C,0.01,[1.67244449],0.8419014632511646
C=C(/C=C\C)/C=C(\C)c1ccccc1,C=C(/C=C\C)C[C@@H](C)c1ccccc1,0.01,[0.98697675],0.7284903612909839
C=C(CO)C(=O)OC,COC(=O)[C@@H](C)CO,0.01,[2.62233632],0.932285345742165
[H]/C=C(\NC(C)=O)C1=CC=CCC=C1,CC(=O)N[C@H](C)C1=CC=CCC=C1,0.01,[4.99072016],0.9932451728755559
CC1C=Cc2ccccc21,C[C@H]1CCc2ccccc21,not_found,not_found,not_found
CCOC(=O)/C=C(\CC)c1ccccc1,CCOC(=O)C[C@@H](CC)c1ccccc1,not_found,not_found,not_found
COC(=O)/C(NC(C)=O)=C(/c1ccccc1)c1cn(C(=O)OC(C)(C)C)c2ncccc12,COC(=O)[C@@H](NC(C)=O)[C@@H](c1ccccc1)c1cn(C(=O)OC(C)(C)C)c2ncccc12,0.01,[4.04026929],0.9827114191226222
O=C(/C=C1/CCc2ccccc2N1)c1ccccc1,O=C(C[C@H]1CCc2ccccc2N1)c1ccccc1,0.01,[3.12002115],0.9577110847136714
C/C=C(\C)c1ccccc1,CC[C@@H](C)c1ccccc1,0.01,[4.50678886],0.9890865823554698
C=C(CC(=O)OC)C(=O)O,COC(=O)C[C@@H](C)C(=O)O,0.01,[11.86989081],0.9999930020814946
C/C(=C\c1ccccc1[N+](=O)[O-])C(=O)O,C[C@@H](Cc1ccccc1[N+](=O)[O-])C(=O)O,not_found,not_found,not_found
O=C(C1=C(c2cc(OCc3ccccc3)ccc2OCc2ccccc2)CCC1)c1ccc(OCc2ccccc2)cc1,O=C(c1ccc(OCc2ccccc2)cc1)[C@@H]1CCC[C@H]1c1cc(OCc2ccccc2)ccc1OCc1ccccc1,not_found,not_found,not_found
O=C(O)C1C=CCO1,O=C(O)[C@@H]1CCCO1,not_found,not_found,not_found
COC(=O)/C(=C/c1ccccc1)NC(C)=O,COC(=O)[C@@H](Cc1ccccc1)NC(C)=O,not_found,not_found,not_found
COC(=O)/C(=C/c1ccco1)NC(=O)OCc1ccccc1,COC(=O)[C@@H](Cc1ccco1)NC(=O)OCc1ccccc1,not_found,not_found,not_found
COC(=O)/C(=C/c1ccccc1)NC(C)=O,COC(=O)[C@H](Cc1ccccc1)NC(C)=O,0.01,[5.3787633],0.9954076629063359
CC(=O)N/C(=C\c1ccccc1)C(=O)O,CC(=O)N[C@H](Cc1ccccc1)C(=O)O,0.01,[2.25051481],0.9046949324688001
C=C(C[Si](C)(C)C)c1ccccc1,C[C@@H](C[Si](C)(C)C)c1ccccc1,not_found,not_found,not_found
O=C1C[C@H](Cc2ccccc2)C(=O)N1Cc1ccccc1,O=C1C[C@H](Cc2ccccc2)C(=O)N1Cc1ccccc1,0.01,[4.64561121],0.9904876949030839
C=C(NC(C)=O)c1ccccc1,CC(=O)N[C@H](C)c1ccccc1,not_found,not_found,not_found
C=C(CC)c1ccccc1,CC[C@H](C)c1ccccc1,0.01,[1.83153303],0.8619442536464684
C=C(NC(C)=O)c1ccccc1,CC(=O)N[C@@H](C)c1ccccc1,0.01,[4.33908762],0.9871196405101755
C=C(CC(=O)C(C)(C)C)C(=O)O,C[C@H](CC(=O)C(C)(C)C)C(=O)O,not_found,not_found,not_found
CCOC(=O)C(C)=O,COC(=O)[C@H](Cc1ccccc1)NC(C)=O,0.01,[0.71459806],0.6714163648669556
C=C(CC(=O)c1ccc(Cl)cc1)C(=O)O,C[C@H](CC(=O)c1ccc(Cl)cc1)C(=O)O,not_found,not_found,not_found
COC(=O)/C(=C/c1ccc(F)cc1)NC(C)=O,COC(=O)[C@@H](Cc1ccc(F)cc1)NC(C)=O,0.01,[4.83258801],0.9920970749684488
C/C=C(\Oc1ccccc1)C(=O)O,CC[C@H](Oc1ccccc1)C(=O)O,0.01,[3.53196223],0.9715836374151913
CCOC(=O)/C=C(/B1OC(C)(C)C(C)(C)O1)c1ccccc1,CCOC(=O)C[C@@H](B1OC(C)(C)C(C)(C)O1)c1ccccc1,0.01,[3.46525546],0.9696828486886165
CCOC(=O)/C=C(\NC(C)=O)c1ccc(Cl)cc1,CCOC(=O)C[C@@H](NC(C)=O)c1ccc(Cl)cc1,not_found,not_found,not_found
CC(=O)N/C(=C\C(C)C)c1ccccc1,CC(=O)N[C@H](CC(C)C)c1ccccc1,not_found,not_found,not_found
COc1ccc2c(c1)CCC=C2C,COc1ccc2c(c1)CCC[C@H]2C,0.01,[1.44964173],0.8099432893916865
C=C1C(=O)NCCc2cc(OC)c(OC)cc21,COc1cc2c(cc1OC)[C@@H](C)C(=O)NCC2,0.01,[1.62647164],0.8356857150893293
C/C=C(\C)c1ccc(OC)cc1,CC[C@H](C)c1ccc(OC)cc1,0.01,[2.85852036],0.9457574436512213
C=C(CC)c1ccc(C(F)(F)F)cc1,CC[C@@H](C)c1ccc(C(F)(F)F)cc1,not_found,not_found,not_found
COC(=O)/C(=C/c1ccccc1)NC(C)=O,COC(=O)[C@H](Cc1ccccc1)NC(C)=O,0.01,[5.3787633],0.9954076629063359
COC(=O)/C=C(/C)NC(C)=O,COC(=O)C[C@@H](C)NC(C)=O,0.01,[7.94078557],0.9996441998756452
C/C(=C\c1ccccc1)c1ccccc1,C[C@@H](Cc1ccccc1)c1ccccc1,0.01,[3.12228871],0.9578028269662091
CC(C)(C)OC(=O)N1CCCC/C(=C\c2ccccc2)C1=O,CC(C)(C)OC(=O)N1CCCC[C@H](Cc2ccccc2)C1=O,not_found,not_found,not_found
C=C(CCCCCC)B1OC(C)(C)C(C)(C)O1,CCCCCC[C@@H](C)B1OC(C)(C)C(C)(C)O1,0.01,[1.52874988],0.8218233327512069
C=C(CC)c1ccccc1,CC[C@H](C)c1ccccc1,0.01,[1.83153303],0.8619442536464684
O=C1CCC/C1=C\c1ccccc1,O=C1CCC[C@H]1Cc1ccccc1,0.01,[4.05697461],0.9829929604238389
COc1ccc2c(c1)C=C(NC(C)=O)CC2,COc1ccc2c(c1)C[C@@H](NC(C)=O)CC2,0.01,[3.6766372],0.9753167448249878
COC(=O)/C(C)=C/[C@@H](C)CO[Si](c1ccccc1)(c1ccccc1)C(C)(C)C,COC(=O)[C@H](C)C[C@@H](C)CO[Si](c1ccccc1)(c1ccccc1)C(C)(C)C,not_found,not_found,not_found
O=C1C=C(c2ccccc2)C(=O)N1,O=C1C[C@@H](c2ccccc2)C(=O)N1,not_found,not_found,not_found
C=C(NC(C)=O)C(=O)OC,COC(=O)[C@@H](C)NC(C)=O,0.01,[3.36950395],0.9667377439891106
CC(=O)NC1=CCCc2ccccc21,CC(=O)N[C@H]1CCCc2ccccc21,0.01,[1.34052722],0.7925766296771531
C=C(C(=O)O)c1ccc(OC)cc1,COc1ccc([C@@H](C)C(=O)O)cc1,not_found,not_found,not_found
O=C(O)/C=C(\c1ccccc1)c1ccc(Cl)c(Cl)c1,O=C(O)C[C@H](c1ccccc1)c1ccc(Cl)c(Cl)c1,not_found,not_found,not_found
C=C(c1ccccc1)c1ccccc1C(=O)O,C[C@H](c1ccccc1)c1ccccc1C(=O)O,0.01,[5.24743762],0.9947665512889696
C=C(CC(=O)O)C(=O)OC,COC(=O)[C@H](C)CC(=O)O,0.01,[5.21629381],0.9946018908623938
C=C(NC(C)=O)c1ccc(C)cc1,CC(=O)N[C@H](C)c1ccc(C)cc1,0.01,[3.69070577],0.9756531761719509
C=C(NC(C)=O)C(C)(C)C,CC(=O)N[C@@H](C)C(C)(C)C,0.01,[0.27038184],0.5671866426805504
C/C=C(\C)c1ccc(OC)cc1,CC[C@@H](C)c1ccc(OC)cc1,0.01,[2.37650444],0.9150180133985251
C=C(NC(C)=O)c1ccccc1,CC(=O)N[C@H](C)c1ccccc1,not_found,not_found,not_found
CCOC(=O)/C(C)=C/c1ccccc1,CCOC(=O)[C@H](C)Cc1ccccc1,0.01,[2.78589622],0.9419089068084145
C=C(OC(C)=O)c1cc(C(F)(F)F)cc(C(F)(F)F)c1,CC(=O)O[C@H](C)c1cc(C(F)(F)F)cc(C(F)(F)F)c1,not_found,not_found,not_found
C/C(=C\c1ccccc1)C(=O)O,C[C@H](Cc1ccccc1)C(=O)O,0.01,[3.21516055],0.9614008266356125
C=C1c2ccccc2CCN1C,C[C@@H]1c2ccccc2CCN1C,0.01,[3.94969926],0.9811034632688956
C=C(C(=O)O)c1ccc(F)cc1,C[C@H](C(=O)O)c1ccc(F)cc1,not_found,not_found,not_found
COCCCOc1cc(/C=C(/C(=O)OC(C)(C)C)C(C)C)ccc1OC,COCCCOc1cc(C[C@@H](C(=O)OC(C)(C)C)C(C)C)ccc1OC,not_found,not_found,not_found
Cc1cccc(C2=Cc3ccccc3S2(=O)=O)c1,Cc1cccc([C@H]2Cc3ccccc3S2(=O)=O)c1,not_found,not_found,not_found
C=C(CCCCCC)B1OC(C)(C)C(C)(C)O1,CCCCCC[C@@H](C)B1OC(C)(C)C(C)(C)O1,0.01,[1.52874988],0.8218233327512069
C/C=C(/C)c1ccc(OC)cc1,CC[C@@H](C)c1ccc(OC)cc1,not_found,not_found,not_found
CCOC(=O)C1=CN(C(C)=O)CCC1,CCOC(=O)[C@@H]1CCCN(C(C)=O)C1,0.01,[2.57729081],0.9293856773821434
CC1=CCCO1,C[C@H]1CCCO1,not_found,not_found,not_found
CC(C)(C)OC(=O)C(=O)N/C(=C\C1CC1)C(=O)OCc1ccccc1,CC(C)(C)OC(=O)C(=O)N[C@@H](CC1CC1)C(=O)OCc1ccccc1,0.01,[3.38213813],0.9671416199916866
C/C(=C\c1ccccc1)c1ccccc1,C[C@@H](Cc1ccccc1)c1ccccc1,0.01,[3.12228871],0.9578028269662091
COC(=O)/C(=C/c1ccccc1)NC(C)=O,COC(=O)[C@@H](Cc1ccccc1)NC(C)=O,not_found,not_found,not_found
C/C=C(\C)c1ccc(OC)cc1,CC[C@@H](C)c1ccc(OC)cc1,0.01,[2.37650444],0.9150180133985251
COC(=O)/C=C(/NC(C)=O)C(C)(C)C,COC(=O)C[C@@H](NC(C)=O)C(C)(C)C,not_found,not_found,not_found
C=C(CC(=O)OC)C(=O)OC,COC(=O)C[C@@H](C)C(=O)OC,0.01,[2.72590187],0.9385378626699517
CC1=CC(=O)OCC1,C[C@H]1CCOC(=O)C1,not_found,not_found,not_found
C=C(NC(C)=O)c1ccccc1OC,COc1ccccc1[C@@H](C)NC(C)=O,0.01,[1.47831072],0.8143172885969616
C=C(CCCC)OC(=O)c1ccco1,CCCC[C@H](C)OC(=O)c1ccccc1,not_found,not_found,not_found
CC(=O)NC1=CCc2ccccc21,CC(=O)N[C@@H]1CCc2ccccc21,0.01,[2.42921284],0.9190279754447711
COc1cccc2c1C=C(NC(C)=O)CC2,COc1cccc2c1C[C@@H](NC(C)=O)CC2,0.01,[2.18343994],0.8987525235565246
COC(=O)/C(=C/c1ccccc1)NC(C)=O,COC(=O)[C@@H](Cc1ccccc1)NC(C)=O,not_found,not_found,not_found
C=C(c1ccccc1)C(C)C,CC(C)[C@@H](C)c1ccccc1,0.01,[2.97701008],0.9515246458139999
CCOC(=O)/C=C(/C)NC(C)=O,CCOC(=O)C[C@@H](C)NC(C)=O,0.01,[4.25614563],0.9860213333058664
C=C(NC(C)=O)c1ccccc1,CC(=O)N[C@@H](C)c1ccccc1,0.01,[4.33908762],0.9871196405101755
CCOC(=O)/C(C)=C(\C(=O)OCc1ccccc1)c1ccsc1,CCOC(=O)[C@@H](C)[C@H](C(=O)OCc1ccccc1)c1ccsc1,not_found,not_found,not_found
COc1ccc(-c2cc3ccccc3o2)cc1,COc1ccc([C@@H]2Cc3ccccc3O2)cc1,not_found,not_found,not_found
COC(=O)C1=COc2ccc(C(C)(C)C)cc2O1,COC(=O)[C@H]1COc2ccc(C(C)(C)C)cc2O1,not_found,not_found,not_found
CC(C)(C)OC(=O)C(=O)N/C(=C\C1CC1)C(=O)OCc1ccccc1,CC(C)(C)OC(=O)C(=O)N[C@@H](CC1CC1)C(=O)OCc1ccccc1,0.01,[3.38213813],0.9671416199916866
COC(=O)/C(=C/c1ccccc1)NC(C)=O,COC(=O)[C@H](Cc1ccccc1)NC(C)=O,0.01,[5.3787633],0.9954076629063359
C=C(NC(C)=O)c1ccccc1,CC(=O)N[C@@H](C)c1ccccc1,0.01,[4.33908762],0.9871196405101755
CC(C)/C=C(\C#N)CC(=O)[O-],CC(C)C[C@H](C#N)CC(=O)[O-],not_found,not_found,not_found
C/C(=C\c1ccccc1)c1ccccc1,C[C@H](Cc1ccccc1)c1ccccc1,0.01,[3.66585893],0.9750559352203937
CCOC(=O)/C=C1\Nc2ccccc2OC1=O,CCOC(=O)C[C@H]1Nc2ccccc2OC1=O,0.01,[2.36221313],0.913900108853896
CCOC(=O)/C=C(\C)c1ccccc1,CCOC(=O)C[C@H](C)c1ccccc1,0.01,[2.01002377],0.8818454989369242
COc1cc2c(c(OC)c1OC)-c1ccc(O)cc1C(NC(C)=O)=CC2,COc1cc2c(c(OC)c1OC)-c1ccc(O)cc1[C@@H](NC(C)=O)CC2,0.01,[1.17996458],0.7649414352100659
C=C(c1ccccc1)C(C)C,CC(C)[C@H](C)c1ccccc1,0.01,[0.86460657],0.7036222003105014
COc1cccc2c1C=C(NC(C)=O)CC2,COc1cccc2c1C[C@H](NC(C)=O)CC2,not_found,not_found,not_found
COC(=O)/C(=C/c1ccccc1)NC(C)=O,COC(=O)[C@@H](Cc1ccccc1)NC(C)=O,not_found,not_found,not_found
C=C(NC(C)=O)c1ccccc1,CC(=O)N[C@H](C)c1ccccc1,not_found,not_found,not_found
C=C(c1ccccc1)P(=O)(O)O,C[C@@H](c1ccccc1)P(=O)(O)O,0.01,[3.82856863],0.9787218889931019
CC/C(=C\C(=O)OC)NC(C)=O,CC[C@@H](CC(=O)OC)NC(C)=O,0.01,[3.789091],0.9778840275511422
CCCCC1=CC(=O)CC1,CCCC[C@@H]1CCC(=O)C1,not_found,not_found,not_found
C/C(=C\C(=O)c1ccccc1)S(=O)(=O)c1ccccc1,C[C@H](CC(=O)c1ccccc1)S(=O)(=O)c1ccccc1,0.01,[2.88062147],0.9468801308883018
C/C(=C\c1ccccc1)C(=O)O,C[C@@H](Cc1ccccc1)C(=O)O,0.01,[2.38644485],0.9157877980742418
COCO/C=C(\NC(C)=O)c1ccccc1,COCOC[C@@H](NC(C)=O)c1ccccc1,not_found,not_found,not_found
C/C=C(/C)c1ccc(OC)cc1,CC[C@H](C)c1ccc(OC)cc1,0.01,[2.13200749],0.8939754354080908
COC(=O)/C=C(\NC(C)=O)c1ccccc1,COC(=O)C[C@H](NC(C)=O)c1ccccc1,0.01,[4.53751184],0.98941328110057
C/C(=C\[N+](=O)[O-])c1ccccc1,C[C@@H](C[N+](=O)[O-])c1ccccc1,not_found,not_found,not_found
CCOC(=O)/C(C)=C/c1ccccc1,CCOC(=O)[C@@H](C)Cc1ccccc1,0.01,[1.6540605],0.8394390832320009
CC(C)=CCC/C(C)=C/CO,CC(C)=CCC[C@@H](C)CCO,not_found,not_found,not_found
C/C(=C\c1ccccc1)c1ccccc1,C[C@H](Cc1ccccc1)c1ccccc1,0.01,[3.66585893],0.9750559352203937
CC1(C)OB(/C(=C/CCc2ccccc2)N2CCOC2=O)OC1(C)C,CC1(C)OB([C@@H](CCCc2ccccc2)N2CCOC2=O)OC1(C)C,not_found,not_found,not_found
C/C=C(\C)C(=O)O,CC[C@H](C)C(=O)O,0.01,[4.09643296],0.9836401981925892
COC(=O)/C(=C/c1ccccc1)NC(C)=O,COC(=O)[C@@H](Cc1ccccc1)NC(C)=O,not_found,not_found,not_found
C=C(NC(C)=O)c1ccccc1,CC(=O)N[C@@H](C)c1ccccc1,0.01,[4.33908762],0.9871196405101755
CCOC(=O)/C=C(\C)Oc1ccccc1Br,CCOC(=O)C[C@@H](C)Oc1ccccc1Br,0.01,[3.20841375],0.9611496767627082
CCOC(=O)C1=C(NC(=O)c2ccc(OC(F)F)cc2)CCCC1,CCOC(=O)[C@H]1CCCC[C@H]1NC(=O)c1ccc(OC(F)F)cc1,0.01,[3.00334404],0.9527249709776511
COC(=O)/C(=C/c1ccccc1)NC(C)=O,COC(=O)[C@H](Cc1ccccc1)NC(C)=O,0.01,[5.3787633],0.9954076629063359
CCOC(=O)/C=C(\Sc1ccc(F)cc1)c1ccccc1,CCOC(=O)C[C@@H](Sc1ccc(F)cc1)c1ccccc1,not_found,not_found,not_found
C/C(=C\c1ccccc1C)C(=O)O,Cc1ccccc1C[C@H](C)C(=O)O,not_found,not_found,not_found
CC(=O)N/C(C)=C\C(=O)c1ccccc1,CC(=O)N[C@@H](C)CC(=O)c1ccccc1,0.01,[4.93893791],0.9928887311265181
C=C(NC(C)=O)C(=O)O,CC(=O)N[C@@H](C)C(=O)O,0.01,[2.50557229],0.9245315358425358
CC(C)(C)OC(=O)NC1CCN(C(=O)C/C(=C\c2ccccc2)C(=O)O)CC1,CC(C)(C)OC(=O)NC1CCN(C(=O)C[C@@H](Cc2ccccc2)C(=O)O)CC1,not_found,not_found,not_found
CC1=CC(=O)CCC1,C[C@H]1CCCC(=O)C1,not_found,not_found,not_found
CC(=O)N1/C(=C\c2ccccc2)COc2ccccc21,CC(=O)N1c2ccccc2OC[C@H]1Cc1ccccc1,0.01,[4.16998266],0.9847826189701693
C=C(CC)c1ccccc1,CC[C@@H](C)c1ccccc1,0.01,[2.57074118],0.9289546281301602
CCc1ccc(-c2coc(=O)[nH]2)cc1,CCc1ccc([C@H]2COC(=O)N2)cc1,not_found,not_found,not_found
C/C=C(\C)c1ccc(OC)cc1,CC[C@@H](C)c1ccc(OC)cc1,0.01,[2.37650444],0.9150180133985251
C/C(=C\c1ccccc1)c1ccccc1,C[C@H](Cc1ccccc1)c1ccccc1,0.01,[3.66585893],0.9750559352203937
C/C(=C\c1ccccc1)c1ccccc1,C[C@H](Cc1ccccc1)c1ccccc1,0.01,[3.66585893],0.9750559352203937
C1CCC(NC2CCCCC2)CC1.C=C(CO)C(=O)O,C1CCC(NC2CCCCC2)CC1.C[C@@H](CO)C(=O)O,not_found,not_found,not_found
CCOC(=O)/C(NC(C)=O)=C(\OC(C)=O)c1ccc(OC)cc1,CCOC(=O)[C@@H](NC(C)=O)[C@H](OC(C)=O)c1ccc(OC)cc1,not_found,not_found,not_found
COC(=O)/C(=C/c1ccccc1)NC(C)=O,COC(=O)[C@H](Cc1ccccc1)NC(C)=O,0.01,[5.3787633],0.9954076629063359
C/C=C(\C)c1ccc(OC)cc1,CC[C@H](C)c1ccc(OC)cc1,0.01,[2.85852036],0.9457574436512213
C/C=C(/c1ccccc1)[Si](C)(C)C,CC[C@@H](c1ccccc1)[Si](C)(C)C,not_found,not_found,not_found
C=C(CC)c1ccc(OC)cc1,CC[C@H](C)c1ccc(OC)cc1,0.01,[2.29744735],0.908665408826905
COC/C=C(\NC(C)=O)C(=O)OC,COCC[C@@H](NC(C)=O)C(=O)OC,0.01,[3.87379499],0.9796436302989592
C=C(NC(C)=O)C(C)(C)C,CC(=O)N[C@@H](C)C(C)(C)C,0.01,[0.27038184],0.5671866426805504
COC(=O)/C(=C/c1ccccc1)NC(C)=O,COC(=O)[C@H](Cc1ccccc1)NC(C)=O,0.01,[5.3787633],0.9954076629063359
