Reactant,product
C=C(NC(C)=O)C(=O)OC,COC(=O)[C@H](C)NC(C)=O
COC(=O)/C(=C/c1ccccc1)NC(C)=O,COC(=O)[C@H](Cc1ccccc1)NC(C)=O
CCOC(=O)/C=C(\Sc1ccccc1)c1cccc(F)c1,CCOC(=O)C[C@@H](Sc1ccccc1)c1cccc(F)c1
CC(C)=C(C(=O)O)c1ccccc1,CC(C)[C@@H](C(=O)O)c1ccccc1
C/C(=C\C(=O)c1ccc(C)cc1)S(=O)(=O)c1ccc(C)cc1,Cc1ccc(C(=O)C[C@@H](C)S(=O)(=O)c2ccc(C)cc2)cc1
[H]/C=C(\NC(C)=O)C(=O)O,CC(=O)N[C@H](C)C(=O)O
C=C(NC(C)=O)c1ccccc1,CC(=O)N[C@@H](C)c1ccccc1
CCOP(=O)(/C=C(\N)c1ccccc1)OCC,CCOP(=O)(C[C@H](N)c1ccccc1)OCC
CC(=O)N/C(=C\S(C)(=O)=O)c1ccc(C)cc1,CC(=O)N[C@H](CS(C)(=O)=O)c1ccc(C)cc1
CCOC(=O)/C(F)=C\c1ccccc1,CCOC(=O)[C@@H](F)Cc1ccccc1
C/C=C(/C)c1ccc(OC)cc1,CC[C@@H](C)c1ccc(OC)cc1
C=C(CC(C)=O)C(=O)OC,COC(=O)[C@H](C)CC(C)=O
CN1CCC=C1c1cccc(F)c1,CN1CCC[C@H]1c1cccc(F)c1
C=C(CC(=O)OC)C(=O)OC,COC(=O)C[C@H](C)C(=O)OC
CC(=O)/C(C)=C/c1ccccc1,CC(=O)[C@@H](C)Cc1ccccc1
Cc1cc2ccccc2[nH]1,C[C@@H]1Cc2ccccc2N1
C=C(NC(C)=O)c1ccccc1,CC(=O)N[C@H](C)c1ccccc1
O=C(O)/C(=C/c1ccccc1)c1ccccc1,O=C(O)[C@H](Cc1ccccc1)c1ccccc1
CC(=O)N/C(=C\c1cccc(Cl)c1)C(F)(F)F,CC(=O)N[C@@H](Cc1cccc(Cl)c1)C(F)(F)F
O=C(O)/C(=C/c1ccccc1)OCc1ccccc1,O=C(O)[C@H](Cc1ccccc1)OCc1ccccc1
CCOC(=O)/C=C(\C)c1ccc(Cl)cc1,CCOC(=O)C[C@H](C)c1ccc(Cl)cc1
C/C=C(\Oc1ccc(C(C)(C)C)cc1)C(=O)O,CC[C@H](Oc1ccc(C(C)(C)C)cc1)C(=O)O
COCC1=C(c2ccc(OC)cc2)CCCC1,COC[C@H]1CCCC[C@H]1c1ccc(OC)cc1
C=C(CCCC)OC(=O)C(C)(C)C,CCCC[C@H](C)OC(=O)c1ccccc1
C/C=C(\Oc1ccc2ccccc2c1)C(=O)O,CC[C@H](Oc1ccc2ccccc2c1)C(=O)O
COc1ccc(/C(C)=C/c2ccccc2)cc1,COc1ccc([C@H](C)Cc2ccccc2)cc1
C=C(NC(C)=O)c1ccc(OC)cc1,COc1ccc([C@@H](C)NC(C)=O)cc1
CC(=O)N/C(C#N)=C/c1ccccc1,CC(=O)N[C@H](C#N)Cc1ccccc1
C=C(c1ccccc1)C(C)(C)C,C[C@H](c1ccccc1)C(C)(C)C
C/C(=C\c1ccccc1)c1ccccc1,C[C@H](Cc1ccccc1)c1ccccc1
CC(=O)NC1=C(c2ccccc2)CCCC1,CC(=O)N[C@H]1CCCC[C@H]1c1ccccc1
C/C(=C\c1ccccc1)c1ccccc1,C[C@@H](Cc1ccccc1)c1ccccc1
COC(=O)/C=C(\NC(C)=O)c1ccc(OC)cc1,COC(=O)C[C@@H](NC(C)=O)c1ccc(OC)cc1
C=C(CCCC)B1OC(C)(C)C(C)(C)O1,CCCC[C@@H](C)B1OC(C)(C)C(C)(C)O1
COC(=O)/C(=C\c1ccccc1)NC(C)=O,COC(=O)[C@@H](Cc1ccccc1)NC(C)=O
O=C(O)/C(=C/c1ccccc1)CO,O=C(O)[C@H](CO)Cc1ccccc1
C/C(=C\c1ccccc1)c1ccccc1,C[C@@H](Cc1ccccc1)c1ccccc1
C=C(/C=C\C)/C=C(\C)c1ccccc1,C=C(/C=C\C)C[C@@H](C)c1ccccc1
C=C(c1ccccc1)C(C)(C)C,C[C@H](c1ccccc1)C(C)(C)C
CCc1ccc2c(c1)C(=O)C(NC(C)=O)=C2,CCc1ccc2c(c1)C(=O)[C@@H](NC(C)=O)C2
COC(=O)/C(=C/c1ccccc1)NC(C)=O,COC(=O)[C@@H](Cc1ccccc1)NC(C)=O
COC(=O)/C(C)=C/c1ccccc1,COC(=O)[C@H](C)Cc1ccccc1
C=C(CC(=O)OC)C(=O)OC,COC(=O)C[C@@H](C)C(=O)OC
C=C(c1ccccc1)c1cc(F)ccc1O,C[C@@H](c1ccccc1)c1cc(F)ccc1O
CC(=O)NC1=C(C)CCCC1,CC(=O)N[C@H]1CCCC[C@H]1C
C/C(=C\C(=O)n1cccn1)c1ccccc1,C[C@H](CC(=O)n1cccn1)c1ccccc1
CCOC(=O)/C=C(\C)CCc1ccccc1,CCOC(=O)C[C@@H](C)CCc1ccccc1
C=C(CC(=O)OC)C(=O)OC,COC(=O)C[C@@H](C)C(=O)OC
C=C(CC(=O)c1ccccc1)C(=O)O,C[C@@H](CC(=O)c1ccccc1)C(=O)O
C=C(NC(C)=O)C(=O)OC,COC(=O)[C@H](C)NC(C)=O
CCOC(=O)/C=C(/B1OC(C)(C)C(C)(C)O1)c1ccccc1,CCOC(=O)C[C@H](B1OC(C)(C)C(C)(C)O1)c1ccccc1
C=C(CC(=O)OC)C(=O)OC,COC(=O)C[C@H](C)C(=O)OC
O=C1OCCC/C1=C\c1ccccc1,O=C1OCCC[C@@H]1Cc1ccccc1
CCOC(=O)C1=C(NC(C)=O)CCC1,CCOC(=O)[C@H]1CCC[C@H]1NC(C)=O
C=C(NC(C)=O)c1cccc2ccccc12,CC(=O)N[C@@H](C)c1cccc2ccccc12
C=C(c1ccc(C)cc1)c1ccccn1,Cc1ccc([C@H](C)c2ccccn2)cc1
COC(=O)/C=C(\C#N)CC(C)C,COC(=O)C[C@@H](C#N)CC(C)C
O=S1(=O)CCCC=C(c2ccccc2)C1,O=S1(=O)CCCC[C@H](c2ccccc2)C1
O=C(O)/C=C(/c1ccccc1)c1ccccc1Cl,O=C(O)C[C@@H](c1ccccc1)c1ccccc1Cl
CC(=O)N/C(=C\c1ccccc1)C(=O)O,CC(=O)N[C@H](Cc1ccccc1)C(=O)O
CCOC(=O)/C=C(\C)c1ccccc1,CCOC(=O)C[C@@H](C)c1ccccc1
O=S1(=O)C(c2ccccc2)=Cc2ccccc21,O=S1(=O)c2ccccc2C[C@@H]1c1ccccc1
COc1ccc(O/C(=C\c2ccccc2)C(=O)O)cc1,COc1ccc(O[C@@H](Cc2ccccc2)C(=O)O)cc1
C=C(NC(C)=O)C(=O)OC,COC(=O)[C@H](C)NC(C)=O
C=C(CC(=O)c1ccc(Br)cc1)C(=O)O,C[C@@H](CC(=O)c1ccc(Br)cc1)C(=O)O
C=C1c2ccccc2CCN1C,C[C@@H]1c2ccccc2CCN1C
C=C(NC(C)=O)c1ccccc1,CC(=O)N[C@@H](C)c1ccccc1
COC(=O)/C(=C/c1ccccc1)NC(C)=O,COC(=O)[C@@H](Cc1ccccc1)NC(C)=O
CC(C)/C=C1\CCCNC1=O,CC(C)C[C@@H]1CCCNC1=O
CC1=C(c2ccccc2)c2ccccc2CC1,C[C@H]1CCc2ccccc2[C@H]1c1ccccc1
CC(=O)NC1=CCCc2ccccc21,CC(=O)N[C@@H]1CCCc2ccccc21
C=C(CCCC)c1ccccc1,CCCC[C@H](C)c1ccccc1
COCCCOc1cc(/C=C(/C(=O)O)C(C)C)ccc1OC,COCCCOc1cc(C[C@@H](C(=O)O)C(C)C)ccc1OC
C=C(NC(C)=O)c1ccccc1,CC(=O)N[C@H](C)c1ccccc1
CCOC(=O)/C=C(\NC(C)=O)c1ccc(Cl)cc1,CCOC(=O)C[C@@H](NC(C)=O)c1ccc(Cl)cc1
CC(=O)NC1=C(Cc2ccccc2)CCCC1,CC(=O)N[C@H]1CCCC[C@H]1Cc1ccccc1
COC(=O)/C(=C/c1ccccc1)NC(C)=O,COC(=O)[C@@H](Cc1ccccc1)NC(C)=O
C=C(NC(C)=O)c1ccc(Cl)cc1,CC(=O)N[C@@H](C)c1ccc(Cl)cc1
CC(C)=CCC/C(C)=C/CO,CC(C)=CCC[C@@H](C)CCO
O=C1C=C(c2ccccc2)CN1,O=C1C[C@H](c2ccccc2)CN1
Fc1ccc(-c2cc3ccccc3o2)cc1,Fc1ccc([C@@H]2Cc3ccccc3O2)cc1
CCOC(=O)CC1=CCCCC1C(=O)OC,CCOC(=O)C[C@H]1CCCCC1C(=O)OC
COC(=O)/C(=C\CCCC1OCCO1)NC=O,COC(=O)[C@@H](CCCCC1OCCO1)NC=O
C=C(C(=O)O)c1ccccc1,C[C@H](C(=O)O)c1ccccc1
CC(=O)NC1=Cc2ccccc2CC1,CC(=O)N[C@H]1CCc2ccccc2C1
OCC1=COc2ccccc2O1,OC[C@H]1COc2ccccc2O1
CCOC(=O)/C=C(\C)c1ccccc1,CCOC(=O)C[C@@H](C)c1ccccc1
O=C1C/C(=C/c2ccc(F)cc2)CCN1,O=C1C[C@H](Cc2ccc(F)cc2)CCN1
CCC/C(=C/[N+](=O)[O-])NC(C)=O,CCC[C@@H](C[N+](=O)[O-])NC(C)=O
C/C(=C\c1ccccc1)c1ccccc1,C[C@@H](Cc1ccccc1)c1ccccc1
C/C=C(\C)c1ccc(OC)cc1,CC[C@H](C)c1ccc(OC)cc1
C/C(=C\c1ccccc1)CO,C[C@@H](CO)Cc1ccccc1
CCC/C=C(\OC(=O)c1ccccc1)P(=O)(OC)OC,CCCC[C@@H](OC(=O)c1ccccc1)P(=O)(OC)OC
COC(=O)/C(=C/c1ccc(Br)cc1)NC(C)=O,COC(=O)[C@H](Cc1ccc(Br)cc1)NC(C)=O
C/C=C(\NC(C)=O)C(=O)OC,CC[C@@H](NC(C)=O)C(=O)OC
[H]/C=C(\NC(C)=O)C1=CC=CCC=C1,CC(=O)N[C@@H](C)C1=CC=CCC=C1
Brc1ccc2c(c1)CCC=C2c1ccccc1,Brc1ccc2c(c1)CCC[C@H]2c1ccccc1
C=C(NC(C)=O)C(=O)OC,COC(=O)[C@@H](C)NC(C)=O
C/C=C(\C)c1ccc(OC)cc1,CC[C@H](C)c1ccc(OC)cc1
C/C(=C\c1ccccc1)c1ccccc1,C[C@@H](Cc1ccccc1)c1ccccc1
CCOC(=O)/C=C(\Sc1ccccc1)c1ccccc1OC,CCOC(=O)C[C@@H](Sc1ccccc1)c1ccccc1OC
COC(=O)/C(=C/c1ccccc1)NC(C)=O,COC(=O)[C@H](Cc1ccccc1)NC(C)=O
C=C(NC(C)=O)C(=O)OC,COC(=O)[C@@H](C)NC(C)=O
O=c1[nH]c(-c2ccccc2)co1,O=C1N[C@H](c2ccccc2)CO1
CC(=O)N/C(=C\[N+](=O)[O-])c1ccccc1,CC(=O)N[C@@H](C[N+](=O)[O-])c1ccccc1
C=C(NC(C)=O)C(=O)OC,COC(=O)[C@H](C)NC(C)=O
C/C(=C\c1ccccc1)c1ccccc1,C[C@H](Cc1ccccc1)c1ccccc1
COC(=O)/C(=C/CCN1C(=O)c2ccccc2C1=O)NC(C)=O,COC(=O)[C@@H](CCCN1C(=O)c2ccccc2C1=O)NC(C)=O
CC/C(=C\C(=O)OC)NC(C)=O,CC[C@@H](CC(=O)OC)NC(C)=O
O=C(NC1=Cc2ccccc2CC1)c1ccccc1,O=C(N[C@H]1CCc2ccccc2C1)c1ccccc1
CC(=O)NC1=CCCC(c2ccccc2)=C1,CC(=O)N[C@H]1C=C(c2ccccc2)CCC1
CC(=O)N/C(=C\[N+](=O)[O-])c1ccccc1,CC(=O)N[C@H](C[N+](=O)[O-])c1ccccc1
CCOC(=O)/C=C(\C)c1ccccc1,CCOC(=O)C[C@@H](C)c1ccccc1
CC(=O)NC1=Cc2ccccc2CC1,CC(=O)N[C@H]1CCc2ccccc2C1
COC(=O)/C(=C/c1cccnc1)NC(C)=O,COC(=O)[C@H](Cc1cccnc1)NC(C)=O
C/C(=C\c1ccccc1)CO,C[C@H](CO)Cc1ccccc1
C/C(=C\c1ccccc1)c1ccccc1,C[C@@H](Cc1ccccc1)c1ccccc1
C=C(CCCC)c1ccccc1,CCCC[C@@H](C)c1ccccc1
C=C(NC(C)=O)c1ccccc1,CC(=O)N[C@H](C)c1ccccc1
CCOC(=O)c1c(C)ncc2ccccc12,CCOC(=O)[C@@H]1c2ccccc2CN[C@@H]1C
CC/C=C(/NC(C)=O)c1ccccc1,CCC[C@H](NC(C)=O)c1ccccc1
C/C(=N\c1ccccc1)c1ccccc1,C[C@@H](Nc1ccccc1)c1ccccc1
C=C(C(=O)O)c1ccccc1,C[C@H](C(=O)O)c1ccccc1
CCOC(=O)/C(F)=C(\C(=O)OCC)c1ccc(C(F)(F)F)cc1,CCOC(=O)[C@@H](F)[C@H](C(=O)OCC)c1ccc(C(F)(F)F)cc1
C=C(CC(=O)c1ccc(Cl)cc1)C(=O)O,C[C@@H](CC(=O)c1ccc(Cl)cc1)C(=O)O
COC(=O)C1=COc2ccccc2O1,COC(=O)[C@H]1COc2ccccc2O1
CCN1CCc2ccccc2/C1=C/c1ccccc1,CCN1CCc2ccccc2[C@H]1Cc1ccccc1
C=C(CC(=O)OC)C(=O)OC,COC(=O)C[C@H](C)C(=O)OC
C=C(CC(=O)OC)C(=O)OC,COC(=O)C[C@@H](C)C(=O)OC
C=C(NC(C)=O)C(=O)OC,COC(=O)[C@H](C)NC(C)=O
C/C=C(\C)C(=O)O,CC[C@H](C)C(=O)O
O=C(O)/C(=C/c1ccccc1)c1ccccc1,O=C(O)[C@H](Cc1ccccc1)c1ccccc1
C=C(NC(C)=O)C(=O)OC,COC(=O)[C@H](C)NC(C)=O
C=C(CC(=O)O)C(=O)O,C[C@@H](CC(=O)O)C(=O)O
C/C=C(/C)c1ccc(OC)cc1,CC[C@H](C)c1ccc(OC)cc1
C/C(=C\c1ccccc1)c1ccccc1,C[C@@H](Cc1ccccc1)c1ccccc1
C=C(CC(=O)OC)C(=O)OC,COC(=O)C[C@@H](C)C(=O)OC
C=C(CC(C)C)c1ccccc1,CC(C)C[C@H](C)c1ccccc1
COC(=O)/C=C(\NC(C)=O)c1ccccc1,COC(=O)C[C@@H](NC(C)=O)c1ccccc1
C=C(NC(C)=O)c1cccc(OC)c1,COc1cccc([C@@H](C)NC(C)=O)c1
CC(C)(C)OC(=O)N1CCC/C(=C\c2ccc(Cl)c(Cl)c2)C1=O,CC(C)(C)OC(=O)N1CCC[C@H](Cc2ccc(Cl)c(Cl)c2)C1=O
COC(=O)/C(=C/c1ccc[nH]1)NC(C)=O,COC(=O)[C@H](Cc1ccc[nH]1)NC(C)=O
CC(=O)NC1=C(C)CCCC1,CC(=O)N[C@H]1CCCC[C@H]1C
CCOC(=O)/C=C(\C)CCc1ccccc1,CCOC(=O)C[C@@H](C)CCc1ccccc1
C1=C(c2ccco2)Oc2ccccc2C1,c1coc([C@H]2CCc3ccccc3O2)c1
C=C(CC)c1ccc(OC)cc1,CC[C@H](C)c1ccc(OC)cc1
C/C(=C\S(=O)(=O)c1ccc(C)cc1)c1ccc(Br)cc1,Cc1ccc(S(=O)(=O)C[C@@H](C)c2ccc(Br)cc2)cc1
C=C(NC(C)=O)c1ccc(Br)cc1,CC(=O)N[C@H](C)c1ccc(Br)cc1
COC(=O)/C(=C/C=C/c1ccc(Cl)cc1)NC(C)=O,COC(=O)[C@@H](C/C=C/c1ccc(Cl)cc1)NC(C)=O
C/C(=C\c1ccccc1)c1ccccc1,C[C@H](Cc1ccccc1)c1ccccc1
COC(=O)/C(=C/c1ccccc1)NC(C)=O,COC(=O)[C@@H](Cc1ccccc1)NC(C)=O
C=C(c1ccccc1)c1ccccc1C(=O)O,C[C@H](c1ccccc1)c1ccccc1C(=O)O
COc1ccc(C2=CC(NC(C)=O)=CCC2)cc1,COc1ccc(C2=C[C@H](NC(C)=O)CCC2)cc1
COc1cc(/C=C(\C)NC(C)=O)cc(OC)c1,COc1cc(C[C@@H](C)NC(C)=O)cc(OC)c1
COC(=O)/C=C(\NC(C)=O)c1ccccc1,COC(=O)C[C@@H](NC(C)=O)c1ccccc1
C/C=C(\C)c1ccc(OC)cc1,CC[C@@H](C)c1ccc(OC)cc1
C/C=C(\C)c1ccc(OC)cc1,CC[C@@H](C)c1ccc(OC)cc1
COc1ccc2c(c1)CCC=C2C,COc1ccc2c(c1)CCC[C@@H]2C
C=C(CCOC(=O)C(C)(C)C)B1OC(C)(C)C(C)(C)O1,C[C@H](CCOC(=O)C(C)(C)C)B1OC(C)(C)C(C)(C)O1
CC(=O)N/C(=C\c1ccccc1)C(=O)O,CC(=O)N[C@@H](Cc1ccccc1)C(=O)O
O=c1[nH]c(-c2ccccc2)co1,O=C1N[C@H](c2ccccc2)CO1
COC(=O)/C(=C/c1ccc(C)o1)NC=O,COC(=O)[C@@H](Cc1ccc(C)o1)NC=O
CCOC(=O)CC1=CCCCC1C(=O)OC,CCOC(=O)C[C@H]1CCCCC1C(=O)OC
COC(=O)/C(=C/c1ccccc1)NC(C)=O,COC(=O)[C@@H](Cc1ccccc1)NC(C)=O
CCCCCC1=CCc2[nH]ccc2C1,CCCCC[C@@H]1CCc2[nH]ccc2C1
COC(=O)/C(=C/c1ccccc1)NC(C)=O,COC(=O)[C@H](Cc1ccccc1)NC(C)=O
O=C1C=C(c2ccccc2)CCCN1,O=C1C[C@H](c2ccccc2)CCCN1
C=C(OP(=O)(c1ccccc1)c1ccccc1)c1ccc(C)cc1,Cc1ccc([C@H](C)OP(=O)(c2ccccc2)c2ccccc2)cc1
CC/C(=C\C(C)=O)c1ccccc1,CC[C@H](CC(C)=O)c1ccccc1
C/C(=C\c1ccccc1)c1ccccc1,C[C@@H](Cc1ccccc1)c1ccccc1
C=C(NC(C)=O)c1ccccc1,CC(=O)N[C@@H](C)c1ccccc1
C=C(CC(=O)OC)C(=O)O,COC(=O)C[C@@H](C)C(=O)O
COC(=O)/C=C(/C)NC(C)=O,COC(=O)C[C@H](C)NC(C)=O
CC(=O)N/C(=C/S(C)(=O)=O)c1ccccc1,CC(=O)N[C@@H](CS(C)(=O)=O)c1ccccc1
CC(=O)N/C(=C\[N+](=O)[O-])c1cccc(C)c1,CC(=O)N[C@H](C[N+](=O)[O-])c1cccc(C)c1
O=C1C=C(c2ccccc2F)C(=O)O1,O=C1C[C@H](c2ccccc2F)C(=O)O1
C=C(CC(=O)OC)C(=O)OC,COC(=O)C[C@H](C)C(=O)OC
C/C=C(\C)c1ccc(OC)cc1,CC[C@@H](C)c1ccc(OC)cc1
COC(=O)/C=C(\C#N)c1ccccc1,COC(=O)C[C@@H](C#N)c1ccccc1
C=C(NC(C)=O)c1ccccc1,CC(=O)N[C@@H](C)c1ccccc1
CC(=O)N/C(=C\c1ccccc1)C(=O)O,CC(=O)N[C@@H](Cc1ccccc1)C(=O)O
CCOC(=O)C1=C(NC(C)=O)CCC1,CCOC(=O)[C@H]1CCC[C@H]1NC(C)=O
C=C(CC)c1ccccc1,CC[C@H](C)c1ccccc1
C=C(CC(=O)OC)C(=O)OC,COC(=O)C[C@@H](C)C(=O)OC
CCOC(=O)/C=C(\C)c1ccccc1,CCOC(=O)C[C@@H](C)c1ccccc1
C=C(NC(C)=O)c1ccc(Cl)cc1,CC(=O)N[C@H](C)c1ccc(Cl)cc1
COC(=O)/C(=C/c1cccc(Br)c1)NC(C)=O,COC(=O)[C@@H](Cc1cccc(Br)c1)NC(C)=O
OCC1=Cc2ccccc2OC1,OC[C@@H]1COc2ccccc2C1
COC(=O)/C(NC(C)=O)=C(/c1ccccc1)c1cn(C(=O)OC(C)(C)C)c2ncccc12,COC(=O)[C@@H](NC(C)=O)[C@@H](c1ccccc1)c1cn(C(=O)OC(C)(C)C)c2ncccc12
COC(=O)/C(=C/c1cccc(F)c1)NC(C)=O,COC(=O)[C@H](Cc1cccc(F)c1)NC(C)=O
C/C=C(\C)c1ccc(OC)cc1,CC[C@@H](C)c1ccc(OC)cc1
CC(=O)NC1=CCCc2ccccc21,CC(=O)N[C@@H]1CCCc2ccccc21
O=C1C=C(c2ccccc2)C(=O)O1,O=C1C[C@H](c2ccccc2)C(=O)O1
C=C(OC(=O)N(c1ccccc1)c1ccccc1)c1ccccc1,C[C@H](OC(=O)N(c1ccccc1)c1ccccc1)c1ccccc1
C=C(NC(C)=O)c1ccccc1,CC(=O)N[C@@H](C)c1ccccc1
CCCC/C(=C/P(=O)(OC)OC)OC(=O)c1ccccc1,COP(=O)(C[C@H](OC(=O)c1ccccc1)C(C)C)OC
CC/C=C(/NC(C)=O)c1ccccc1,CCC[C@H](NC(C)=O)c1ccccc1
C=C(CC)c1ccccc1,CC[C@H](C)c1ccccc1
C/C(=C\[N+](=O)[O-])c1ccccc1,C[C@@H](C[N+](=O)[O-])c1ccccc1
C=C(NC(C)=O)C(=O)OC,COC(=O)[C@H](C)NC(C)=O
CC1=Cc2ccccc2CC1,C[C@H]1CCc2ccccc2C1
C=C(NC(C)=O)c1ccc(F)cc1,CC(=O)N[C@H](C)c1ccc(F)cc1
CCc1cccc(C)c1/N=C(\C)COC,CCc1cccc(C)c1N[C@@H](C)COC
CC(=O)NC1=CCCC(c2ccccc2)=C1,CC(=O)N[C@H]1C=C(c2ccccc2)CCC1
CCOC(=O)/C=C(\C)c1ccc(OC)cc1,CCOC(=O)C[C@H](C)c1ccc(OC)cc1
COC(=O)/C(C)=C(\c1cccc(OCc2ccccc2)c1)C1CC1,COC(=O)[C@H](C)[C@@H](c1cccc(OCc2ccccc2)c1)C1CC1
C/C=C(\C)c1ccc(OC)cc1,CC[C@H](C)c1ccc(OC)cc1
CCOC(=O)/C(OC(C)=O)=C(\NC(C)=O)c1ccccc1,CCOC(=O)[C@H](OC(C)=O)[C@@H](NC(C)=O)c1ccccc1
C=C(B1OC(C)(C)C(C)(C)O1)c1ccccc1,C[C@H](B1OC(C)(C)C(C)(C)O1)c1ccccc1
C/C=C(/C)c1ccc(OC)cc1,CC[C@H](C)c1ccc(OC)cc1
C=C(NC(C)=O)C(=O)OC,COC(=O)[C@H](C)NC(C)=O
C/C=C(\Oc1ccccc1)C(=O)O,CC[C@H](Oc1ccccc1)C(=O)O
CC(=O)NC1=CCCc2ccccc21,CC(=O)N[C@@H]1CCCc2ccccc21
C=C(CC)OC(=O)c1ccccc1,CC[C@H](C)OC(=O)c1ccccc1
CC(=O)N/C(=C\[N+](=O)[O-])C(C)C,CC(=O)N[C@H](C[N+](=O)[O-])C(C)C
CCOC(=O)/C=C(\C)c1ccccc1,CCOC(=O)C[C@@H](C)c1ccccc1
COC(=O)c1ccc(O)c(C2=CCCC2(C)C)c1,COC(=O)c1ccc(O)c([C@@H]2CCCC2(C)C)c1
C=C(CC(=O)OC)C(=O)OC,COC(=O)C[C@@H](C)C(=O)OC
CC(=O)OC/C=C(\C)c1ccccc1,CC(=O)OCC[C@@H](C)c1ccccc1
C/C(=C\c1ccccc1)CO,CC(CO)[C@@H](C)c1ccccc1
COc1ccc(/C=C(\C)C(C)=O)cc1,COc1ccc(C[C@H](C)C(C)=O)cc1
CC(C)(C)OC(=O)C(=O)N/C(=C\C1CC1)C(=O)OCc1ccccc1,CC(C)(C)OC(=O)C(=O)N[C@@H](CC1CC1)C(=O)OCc1ccccc1
C/C(=C\[N+](=O)[O-])c1ccccc1,C[C@@H](C[N+](=O)[O-])c1ccccc1
CC(C)/C(=C\C(=O)c1ccccc1)c1ccccc1,CC(C)[C@@H](CC(=O)c1ccccc1)c1ccccc1
CC(=O)NC1=Cc2ccccc2CC1,CC(=O)N[C@@H]1CCc2ccccc2C1
C/C(=C\c1ccccc1)c1ccccc1,C[C@H](Cc1ccccc1)c1ccccc1
C/C(=C\c1ccccc1)C(=O)OC(C)C,CC(C)OC(=O)[C@H](C)Cc1ccccc1
C=C(C(=O)O)c1ccc2cc(OC)ccc2c1,COc1ccc2cc([C@@H](C)C(=O)O)ccc2c1
C=C(CC(=O)O)C(=O)OC,COC(=O)[C@H](C)CC(=O)O
CCC(/C=C(\NC(C)=O)C(=O)OC)CC,CCC(CC)C[C@@H](NC(C)=O)C(=O)OC
COC(=O)/C(=C/c1ccc(Cl)cc1)NC(C)=O,COC(=O)[C@H](Cc1ccc(Cl)cc1)NC(C)=O
C=C(c1ccccc1)C(C)(C)C,C[C@H](c1ccccc1)C(C)(C)C
COC(=O)/C(=C/c1ccccc1)NC(C)=O,COC(=O)[C@H](Cc1ccccc1)NC(C)=O
C/C=C(\Oc1ccccc1)C(=O)O,CC[C@@H](Oc1ccccc1)C(=O)O
C=C(CC)c1ccc(OC)cc1,CC[C@H](C)c1ccc(OC)cc1
C=C(CC(=O)OC)C(=O)OC,COC(=O)C[C@@H](C)C(=O)OC
COC(=O)/C(=C/c1ccccc1)NC(C)=O,COC(=O)[C@@H](Cc1ccccc1)NC(C)=O
COC(=O)/C(=C/c1ccccc1)NC(C)=O,COC(=O)[C@H](Cc1ccccc1)NC(C)=O
C=C(CC(C)C)c1ccccc1,CC(C)C[C@H](C)c1ccccc1
C1=C(N2CCCC2)c2ccccc2CC1,c1ccc2c(c1)CCC[C@@H]2N1CCCC1
CCOC(=O)/C(F)=C\c1ccccc1,CCOC(=O)[C@@H](F)Cc1ccccc1
C/C=C(/C)c1ccc(OC)cc1,CC[C@H](C)c1ccc(OC)cc1
C=C(OC(=O)c1ccccc1)P(=O)(OC)OC,COP(=O)(OC)[C@H](C)OC(=O)c1ccccc1
COc1ccc(/C(C)=C/c2ccccc2)cc1,COc1ccc([C@H](C)Cc2ccccc2)cc1
CC1(C)OB(/C(=C/c2ccccc2)N2CCOC2=O)OC1(C)C,CC1(C)OB([C@@H](Cc2ccccc2)N2CCOC2=O)OC1(C)C
O=C(O)/C=C(\c1ccccc1)c1ccc(Br)cc1,O=C(O)C[C@H](c1ccccc1)c1ccc(Br)cc1
CCOC(=O)/C=C1\Nc2ccccc2OC1=O,CCOC(=O)C[C@H]1Nc2ccccc2OC1=O
C=C(c1ccc(Cl)cc1)N(C)Cc1ccccc1,C[C@H](c1ccc(Cl)cc1)N(C)Cc1ccccc1
COC(=O)/C(=C/c1ccccc1)NC(C)=O,COC(=O)[C@@H](Cc1ccccc1)NC(C)=O
CON(C)C(=O)/C=C(\C)c1ccccc1,CON(C)C(=O)C[C@@H](C)c1ccccc1
C=C(NC(C)=O)c1ccc(C(F)(F)F)cc1,CC(=O)N[C@H](C)c1ccc(C(F)(F)F)cc1
C/C=C(\C)c1ccc(OC)cc1,CC[C@@H](C)c1ccc(OC)cc1
CC(C)(C)OC(=O)N1CCCC/C(=C\c2ccccc2)C1=O,CC(C)(C)OC(=O)N1CCCC[C@@H](Cc2ccccc2)C1=O
C=C(NC=O)C(=O)OC,COC(=O)[C@@H](C)NC=O
C=C(CC(=O)OC)C(=O)O,COC(=O)C[C@@H](C)C(=O)O
COC(=O)/C(=C/c1ccccc1Cl)NC(C)=O,COC(=O)[C@@H](Cc1ccccc1Cl)NC(C)=O
C/C(=C\c1ccccc1)c1ccccc1,C[C@@H](Cc1ccccc1)c1ccccc1
COc1ccc(/C=C(\C)CO)cc1,COc1ccc(C[C@@H](C)CO)cc1
CC(=O)N/C(=C\Cc1ccccc1)c1ccccc1,CC(=O)N[C@H](CCc1ccccc1)c1ccccc1
C/C(=C\c1ccccc1)c1ccccc1,C[C@H](Cc1ccccc1)c1ccccc1
CC/C=C(\NC(C)=O)c1ccccc1,CCC[C@H](NC(C)=O)c1ccccc1
COC(=O)/C(=C/c1ccc(OC)cc1)NC(C)=O,COC(=O)[C@@H](Cc1ccc(OC)cc1)NC(C)=O
COc1ccc2c(c1)CCC=C2C,COc1ccc2c(c1)CCC[C@H]2C
CC(C)(C)[NH3+].CC(C)/C=C(\C#N)CC(=O)[O-],CC(C)(C)[NH3+].CC(C)C[C@H](C#N)CC(=O)[O-]
CCOC(=O)/C=C(\C)c1ccccc1,CCOC(=O)C[C@@H](C)c1ccccc1
CCOC(=O)/C=C(\C)c1ccccc1,CCOC(=O)C[C@@H](C)c1ccccc1
C/C(=C\c1ccccc1)c1ccccc1,C[C@@H](Cc1ccccc1)c1ccccc1
O=C(/C=C1/CCc2ccccc2N1)c1ccccc1,O=C(C[C@H]1CCc2ccccc2N1)c1ccccc1
[H]/C=C(/NC(C)=O)C(=O)OC,COC(=O)[C@@H](C)NC(C)=O
CCOC(=O)/C=C(/C)c1ccccc1,CCOC(=O)C[C@H](C)c1ccccc1
C=C(/C=C\C)/C=C(\C)c1ccccc1,C=C(/C=C\C)C[C@@H](C)c1ccccc1
COC(=O)/C(C)=C/c1ccccc1,COC(=O)[C@H](C)Cc1ccccc1
COC(=O)/C(C)=C/c1ccccc1,COC(=O)[C@@H](C)Cc1ccccc1
C=C(NC(C)=O)c1ccccc1,CC(=O)N[C@H](C)c1ccccc1
C=C(CC(=O)OC)C(=O)O,COC(=O)C[C@H](C)C(=O)O
CC(=O)N/C(C#N)=C\c1ccccc1,CC(=O)N[C@H](C#N)Cc1ccccc1
C=C(CC(=O)C1CC1)C(=O)O,C[C@@H](CC(=O)C1CC1)C(=O)O
C/C(=C\c1ccccc1)c1ccccc1,C[C@H](Cc1ccccc1)c1ccccc1
COC(=O)/C(=C/c1ccccc1)NC(C)=O,COC(=O)[C@@H](Cc1ccccc1)NC(C)=O
COC(=O)/C(=C/c1ccccc1)NC(C)=O,COC(=O)[C@@H](Cc1ccccc1)NC(C)=O
C=C(CC(=O)O)C(=O)O,C[C@H](CC(=O)O)C(=O)O
C/C(=C\c1ccccc1)C(=O)O,C[C@@H](Cc1ccccc1)C(=O)O
Brc1ccc(C2=CCc3ccccc3O2)cc1,Brc1ccc([C@H]2CCc3ccccc3O2)cc1
CCC/C(=C\C(=O)OCC)NC(C)=O,CCC[C@H](CC(=O)OCC)NC(C)=O
COC(=O)/C=C(\C)NC(C)=O,COC(=O)C[C@H](C)NC(C)=O
COC(=O)/C(F)=C(\NC(C)=O)c1ccc2ccccc2c1,COC(=O)[C@H](F)[C@@H](NC(C)=O)c1ccc2ccccc2c1
C=C(c1ccccc1)c1ccccc1C(=O)O,C[C@H](c1ccccc1)c1ccccc1C(=O)O
CC(=O)N/C(C)=C\C(=O)c1ccccc1,CC(=O)N[C@@H](C)CC(=O)c1ccccc1
CON(C)C(=O)/C=C(\C)c1ccccc1,CON(C)C(=O)C[C@@H](C)c1ccccc1
CCOC(=O)/C(F)=C(\NC(C)=O)c1ccccc1,CCOC(=O)[C@H](F)[C@@H](NC(C)=O)c1ccccc1
CC(C)/C=C(/Cl)B1OC(C)(C)C(C)(C)O1,CC(C)C[C@@H](Cl)B1OC(C)(C)C(C)(C)O1
C=C(CC)c1ccccc1,CC[C@@H](C)c1ccccc1
CCOC(=O)/C=C(\C)c1ccccc1,CCOC(=O)C[C@@H](C)c1ccccc1
CC/C(C)=C/[C@@H](O)CO[Si](c1ccccc1)(c1ccccc1)C(C)(C)C,C[C@@H](CO)C[C@@H](O)CO[Si](c1ccccc1)(c1ccccc1)C(C)(C)C
C=C(NC(C)=O)c1ccc(Cl)cc1,CC(=O)N[C@@H](C)c1ccc(Cl)cc1
Cc1cc2ccccc2[nH]1,C[C@@H]1Cc2ccccc2N1
C/C=C(/C)c1ccc(OC)cc1,CC[C@@H](C)c1ccc(OC)cc1
CC(=O)NC1=CCCC(/C=C/c2ccccc2)=C1,CC(=O)N[C@H]1C=C(/C=C/c2ccccc2)CCC1
COc1ccc2c(c1)CCC(NC(C)=O)=C2,COc1ccc2c(c1)CC[C@@H](NC(C)=O)C2
CC1=C(C)c2ccccc2C1,C[C@H]1Cc2ccccc2[C@H]1C
C=C(CC(=O)O)C(=O)OC,COC(=O)[C@H](C)CC(=O)O
[H]/C=C(/NC(C)=O)C(=O)OC,COC(=O)[C@@H](C)NC(C)=O
C=C(NC(C)=O)C(=C)c1ccccc1,C=C(c1ccccc1)[C@H](C)NC(C)=O
C/C(=C\c1ccccc1)c1ccccc1,C[C@H](Cc1ccccc1)c1ccccc1
O=C(O)/C(=C/c1ccccc1)c1ccccc1,O=C(O)[C@H](Cc1ccccc1)c1ccccc1
COC(=O)/C(=C/c1ccccc1)CNC(C)=O,COC(=O)[C@@H](CNC(C)=O)Cc1ccccc1
C=C(CC)c1ccccc1,CC[C@H](C)c1ccccc1
C/C(=C\CO)c1ccccc1,C[C@@H](CCO)c1ccccc1
C=C(C(=O)O)c1ccccc1,C[C@H](C(=O)O)c1ccccc1
O=C1CCC/C1=C\c1ccccc1,O=C1CCC[C@H]1Cc1ccccc1
C=C(NC(C)=O)c1ccccc1,CC(=O)N[C@H](C)c1ccccc1
COC(=O)/C=C(\C)NC(C)=O,COC(=O)C[C@H](C)NC(C)=O
Cc1ccccc1C(=O)/C=C1/CCc2ccccc2N1,Cc1ccccc1C(=O)C[C@H]1CCc2ccccc2N1
C=C1CCCCc2ccccc21,C[C@H]1CCCCc2ccccc21
O=C1/C(=C/c2ccccc2)Cc2ccccc21,O=C1c2ccccc2C[C@@H]1Cc1ccccc1
CC(C)(C)c1ccc2c(c1)C=C(CO)CO2,CC(C)(C)c1ccc2c(c1)C[C@H](CO)CO2
C=C(CC(=O)OC)C(=O)OC,COC(=O)C[C@H](C)C(=O)OC
COC(=O)/C(=C/c1ccccc1)NC(C)=O,COC(=O)[C@@H](Cc1ccccc1)NC(C)=O
COC(=O)/C(=C/c1ccccc1)NC(C)=O,COC(=O)[C@@H](Cc1ccccc1)NC(C)=O
C/C=C(\C)c1ccc(OC)cc1,CC[C@@H](C)c1ccc(OC)cc1
CCOC(=O)/C=C(\C)c1ccccc1,CCOC(=O)C[C@@H](C)c1ccccc1
COC(=O)/C(=C/c1ccccc1)CNC(C)=O,COC(=O)[C@@H](CNC(C)=O)Cc1ccccc1
COc1cccc2c1C=C(NC(C)=O)CC2,COc1cccc2c1C[C@H](NC(C)=O)CC2
CCOC(=O)/C=C(/B1OC(C)(C)C(C)(C)O1)c1ccc(F)cc1,CCOC(=O)C[C@H](B1OC(C)(C)C(C)(C)O1)c1ccc(F)cc1
CCOC(=O)/C=C(\C)c1ccccc1,CCOC(=O)C[C@@H](C)c1ccccc1
CCOC(=O)/C=C(/B1OC(C)(C)C(C)(C)O1)c1ccccc1,CCOC(=O)C[C@@H](B1OC(C)(C)C(C)(C)O1)c1ccccc1
C=C(NC(C)=O)C(=O)OC,COC(=O)[C@@H](C)NC(C)=O
CCOC(=O)/C=C(\C)c1ccccc1,CCOC(=O)C[C@H](C)c1ccccc1
C/C(=C\c1ccc(C)cc1)C(=O)O,Cc1ccc(C[C@@H](C)C(=O)O)cc1
CC(=O)NC1=CCCc2ccccc21,CC(=O)N[C@@H]1CCCc2ccccc21
C=C(C[Si](C)(C)C)c1ccccc1,C[C@H](C[Si](C)(C)C)c1ccccc1
C/C=C(\NC(C)=O)C(=O)CC,CCC(=O)[C@H](CC)NC(C)=O
C=C(c1ccccc1)C(C)(C)C,C[C@H](c1ccccc1)C(C)(C)C
C=C(NC(C)=O)c1cccc2ccccc12,CC(=O)N[C@H](C)c1cccc2ccccc12
Cc1ccccc1/C=C1\CCCCC1=O,Cc1ccccc1C[C@@H]1CCCCC1=O
COC(=O)/C=C(/C)NC(C)=O,COC(=O)C[C@@H](C)NC(C)=O
COC(=O)/C(=C/c1ccccc1)NC(C)=O,COC(=O)[C@H](Cc1ccccc1)NC(C)=O
COC(=O)/C=C(\C)NC(C)=O,COC(=O)C[C@H](C)NC(C)=O
c1ccc(C2=NCCC2)cc1,c1ccc([C@@H]2CCCN2)cc1
C=C(c1ccccc1)P(=O)(O)O,C[C@@H](c1ccccc1)P(=O)(O)O
O=C(O)/C(=C/c1ccccc1)c1ccccc1,O=C(O)[C@H](Cc1ccccc1)c1ccccc1
C=C(CC(=O)OC)C(=O)OC,COC(=O)C[C@@H](C)C(=O)OC
CC(C)=C(C(=O)O)c1ccc(F)cc1,CC(C)[C@@H](C(=O)O)c1ccc(F)cc1
C=C(c1ccccc1)c1ccccc1C(=O)O,C[C@@H](c1ccccc1)c1ccccc1C(=O)O
CCCCc1cc2ccccc2[nH]1,CCCC[C@@H]1Cc2ccccc2N1
C/C(=C\c1ccccc1)c1ccccc1,C[C@H](Cc1ccccc1)c1ccccc1
C/C=C(\C)c1ccc(OC)cc1,CC[C@@H](C)c1ccc(OC)cc1
C=C(CC(=O)OC)C(=O)OC,COC(=O)C[C@@H](C)C(=O)OC
C=C(CC(=O)OC)C(=O)OC,COC(=O)C[C@@H](C)C(=O)OC
C=C(c1ccccc1)c1ccccc1C(=O)O,C[C@@H](c1ccccc1)c1ccccc1C(=O)O
COC(=O)/C(=C/c1ccco1)NC(=O)OCc1ccccc1,COC(=O)[C@@H](Cc1ccco1)NC(=O)OCc1ccccc1
COC(=O)c1ccc(C2=CC(=O)Nc3ccccc3S2)cc1,COC(=O)c1ccc([C@H]2CC(=O)Nc3ccccc3S2)cc1
C/C=C(/c1ccccc1)[Si](C)(C)C,CC[C@@H](c1ccccc1)[Si](C)(C)C
C=C(CC)c1ccccc1,CC[C@@H](C)c1ccccc1
C=C(CC)c1ccc(OC)cc1,CC[C@@H](C)c1ccc(OC)cc1
COC(=O)/C=C(\C)NC(C)=O,COC(=O)C[C@H](C)NC(C)=O
CCOC(=O)/C=C(\Sc1ccccc1)c1ccc(F)cc1,CCOC(=O)C[C@@H](Sc1ccccc1)c1ccc(F)cc1
CCOC(=O)/C(F)=C/c1ccccc1,CCOC(=O)[C@@H](F)Cc1ccccc1
C=C(NC(C)=O)C(=O)O,CC(=O)N[C@@H](C)C(=O)O
C=C(CC(=O)OC)C(=O)OC,COC(=O)C[C@H](C)C(=O)OC
O=C1C[C@H](Cc2ccccc2)C(=O)N1Cc1ccccc1,O=C1C[C@H](Cc2ccccc2)C(=O)N1Cc1ccccc1
C=C(B1OC(C)(C)C(C)(C)O1)c1ccc(OC)cc1,COc1ccc([C@H](C)B2OC(C)(C)C(C)(C)O2)cc1
C=C(NC(C)=O)c1ccc(F)cc1,CC(=O)N[C@@H](C)c1ccc(F)cc1
COC(=O)/C(=C/c1ccccc1)NC(C)=O,COC(=O)[C@H](Cc1ccccc1)NC(C)=O
c1ccc(-c2cc3ccccc3o2)cc1,c1ccc([C@@H]2Cc3ccccc3O2)cc1
COC(=O)C(NC=O)=C1CCCCC1,COC(=O)[C@@H](NC=O)C1CCCCC1
CC(=O)NC1=Cc2ccccc2CC1,CC(=O)N[C@@H]1CCc2ccccc2C1
C=C(CC)c1ccccc1,CC[C@H](C)c1ccccc1
C/C=C(/C)c1ccc(OC)cc1,CC[C@@H](C)c1ccc(OC)cc1
C=C(CC(=O)OC)C(=O)OC,COC(=O)C[C@H](C)C(=O)OC
COc1ccc2c(c1)C=C(NC(C)=O)CC2,COc1ccc2c(c1)C[C@@H](NC(C)=O)CC2
CCOC(=O)/C=C(\C)c1ccccc1,CCOC(=O)C[C@@H](C)c1ccccc1
C=C(CC(=O)OC)C(=O)O,COC(=O)C[C@@H](C)C(=O)O
C=C(NC(C)=O)c1ncc(Br)cc1F,CC(=O)N[C@H](C)c1ncc(Br)cc1F
COC(=O)/C(=C/c1ccccc1OC)NC(C)=O,COC(=O)[C@H](Cc1ccccc1OC)NC(C)=O
CCOC(=O)/C=C(/B1OC(C)(C)C(C)(C)O1)c1ccccc1,CCOC(=O)C[C@@H](B1OC(C)(C)C(C)(C)O1)c1ccccc1
CCOP(=O)(/C=C(\N)c1ccccc1)OCC,CCOP(=O)(C[C@H](N)c1ccccc1)OCC
CCOC(=O)/C=C(\C)c1ccc(SC)cc1,CCOC(=O)C[C@@H](C)c1ccc(SC)cc1
COC(=O)/C(=C/c1ccccc1)NC(C)=O,COC(=O)[C@@H](Cc1ccccc1)NC(C)=O
CCN1CCC(NC(=O)c2ccccc2)=C(F)C1,CCN1CC[C@@H](NC(=O)c2ccccc2)[C@@H](F)C1
CC(=O)/C=C(\C)c1ccccc1,CC(=O)C[C@@H](C)c1ccccc1
CC1=C(C)c2ccccc2C1,C[C@@H]1Cc2ccccc2[C@@H]1C
C=C(/C=C\C)/C=C(\C)c1ccccc1,C=C(/C=C\C)C[C@@H](C)c1ccccc1
C=C(CO)C(=O)OC,COC(=O)[C@@H](C)CO
[H]/C=C(\NC(C)=O)C1=CC=CCC=C1,CC(=O)N[C@H](C)C1=CC=CCC=C1
CC1C=Cc2ccccc21,C[C@H]1CCc2ccccc21
CCOC(=O)/C=C(\CC)c1ccccc1,CCOC(=O)C[C@@H](CC)c1ccccc1
COC(=O)/C(NC(C)=O)=C(/c1ccccc1)c1cn(C(=O)OC(C)(C)C)c2ncccc12,COC(=O)[C@@H](NC(C)=O)[C@@H](c1ccccc1)c1cn(C(=O)OC(C)(C)C)c2ncccc12
O=C(/C=C1/CCc2ccccc2N1)c1ccccc1,O=C(C[C@H]1CCc2ccccc2N1)c1ccccc1
C/C=C(\C)c1ccccc1,CC[C@@H](C)c1ccccc1
C=C(CC(=O)OC)C(=O)O,COC(=O)C[C@@H](C)C(=O)O
C/C(=C\c1ccccc1[N+](=O)[O-])C(=O)O,C[C@@H](Cc1ccccc1[N+](=O)[O-])C(=O)O
O=C(C1=C(c2cc(OCc3ccccc3)ccc2OCc2ccccc2)CCC1)c1ccc(OCc2ccccc2)cc1,O=C(c1ccc(OCc2ccccc2)cc1)[C@@H]1CCC[C@H]1c1cc(OCc2ccccc2)ccc1OCc1ccccc1
O=C(O)C1C=CCO1,O=C(O)[C@@H]1CCCO1
COC(=O)/C(=C/c1ccccc1)NC(C)=O,COC(=O)[C@@H](Cc1ccccc1)NC(C)=O
COC(=O)/C(=C/c1ccco1)NC(=O)OCc1ccccc1,COC(=O)[C@@H](Cc1ccco1)NC(=O)OCc1ccccc1
COC(=O)/C(=C/c1ccccc1)NC(C)=O,COC(=O)[C@H](Cc1ccccc1)NC(C)=O
CC(=O)N/C(=C\c1ccccc1)C(=O)O,CC(=O)N[C@H](Cc1ccccc1)C(=O)O
C=C(C[Si](C)(C)C)c1ccccc1,C[C@@H](C[Si](C)(C)C)c1ccccc1
O=C1C[C@H](Cc2ccccc2)C(=O)N1Cc1ccccc1,O=C1C[C@H](Cc2ccccc2)C(=O)N1Cc1ccccc1
C=C(NC(C)=O)c1ccccc1,CC(=O)N[C@H](C)c1ccccc1
C=C(CC)c1ccccc1,CC[C@H](C)c1ccccc1
C=C(NC(C)=O)c1ccccc1,CC(=O)N[C@@H](C)c1ccccc1
C=C(CC(=O)C(C)(C)C)C(=O)O,C[C@H](CC(=O)C(C)(C)C)C(=O)O
CCOC(=O)C(C)=O,COC(=O)[C@H](Cc1ccccc1)NC(C)=O
C=C(CC(=O)c1ccc(Cl)cc1)C(=O)O,C[C@H](CC(=O)c1ccc(Cl)cc1)C(=O)O
COC(=O)/C(=C/c1ccc(F)cc1)NC(C)=O,COC(=O)[C@@H](Cc1ccc(F)cc1)NC(C)=O
C/C=C(\Oc1ccccc1)C(=O)O,CC[C@H](Oc1ccccc1)C(=O)O
CCOC(=O)/C=C(/B1OC(C)(C)C(C)(C)O1)c1ccccc1,CCOC(=O)C[C@@H](B1OC(C)(C)C(C)(C)O1)c1ccccc1
CCOC(=O)/C=C(\NC(C)=O)c1ccc(Cl)cc1,CCOC(=O)C[C@@H](NC(C)=O)c1ccc(Cl)cc1
CC(=O)N/C(=C\C(C)C)c1ccccc1,CC(=O)N[C@H](CC(C)C)c1ccccc1
COc1ccc2c(c1)CCC=C2C,COc1ccc2c(c1)CCC[C@H]2C
C=C1C(=O)NCCc2cc(OC)c(OC)cc21,COc1cc2c(cc1OC)[C@@H](C)C(=O)NCC2
C/C=C(\C)c1ccc(OC)cc1,CC[C@H](C)c1ccc(OC)cc1
C=C(CC)c1ccc(C(F)(F)F)cc1,CC[C@@H](C)c1ccc(C(F)(F)F)cc1
COC(=O)/C(=C/c1ccccc1)NC(C)=O,COC(=O)[C@H](Cc1ccccc1)NC(C)=O
COC(=O)/C=C(/C)NC(C)=O,COC(=O)C[C@@H](C)NC(C)=O
C/C(=C\c1ccccc1)c1ccccc1,C[C@@H](Cc1ccccc1)c1ccccc1
CC(C)(C)OC(=O)N1CCCC/C(=C\c2ccccc2)C1=O,CC(C)(C)OC(=O)N1CCCC[C@H](Cc2ccccc2)C1=O
C=C(CCCCCC)B1OC(C)(C)C(C)(C)O1,CCCCCC[C@@H](C)B1OC(C)(C)C(C)(C)O1
C=C(CC)c1ccccc1,CC[C@H](C)c1ccccc1
O=C1CCC/C1=C\c1ccccc1,O=C1CCC[C@H]1Cc1ccccc1
COc1ccc2c(c1)C=C(NC(C)=O)CC2,COc1ccc2c(c1)C[C@@H](NC(C)=O)CC2
COC(=O)/C(C)=C/[C@@H](C)CO[Si](c1ccccc1)(c1ccccc1)C(C)(C)C,COC(=O)[C@H](C)C[C@@H](C)CO[Si](c1ccccc1)(c1ccccc1)C(C)(C)C
O=C1C=C(c2ccccc2)C(=O)N1,O=C1C[C@@H](c2ccccc2)C(=O)N1
C=C(NC(C)=O)C(=O)OC,COC(=O)[C@@H](C)NC(C)=O
CC(=O)NC1=CCCc2ccccc21,CC(=O)N[C@H]1CCCc2ccccc21
C=C(C(=O)O)c1ccc(OC)cc1,COc1ccc([C@@H](C)C(=O)O)cc1
O=C(O)/C=C(\c1ccccc1)c1ccc(Cl)c(Cl)c1,O=C(O)C[C@H](c1ccccc1)c1ccc(Cl)c(Cl)c1
C=C(c1ccccc1)c1ccccc1C(=O)O,C[C@H](c1ccccc1)c1ccccc1C(=O)O
C=C(CC(=O)O)C(=O)OC,COC(=O)[C@H](C)CC(=O)O
C=C(NC(C)=O)c1ccc(C)cc1,CC(=O)N[C@H](C)c1ccc(C)cc1
C=C(NC(C)=O)C(C)(C)C,CC(=O)N[C@@H](C)C(C)(C)C
C/C=C(\C)c1ccc(OC)cc1,CC[C@@H](C)c1ccc(OC)cc1
C=C(NC(C)=O)c1ccccc1,CC(=O)N[C@H](C)c1ccccc1
CCOC(=O)/C(C)=C/c1ccccc1,CCOC(=O)[C@H](C)Cc1ccccc1
C=C(OC(C)=O)c1cc(C(F)(F)F)cc(C(F)(F)F)c1,CC(=O)O[C@H](C)c1cc(C(F)(F)F)cc(C(F)(F)F)c1
C/C(=C\c1ccccc1)C(=O)O,C[C@H](Cc1ccccc1)C(=O)O
C=C1c2ccccc2CCN1C,C[C@@H]1c2ccccc2CCN1C
C=C(C(=O)O)c1ccc(F)cc1,C[C@H](C(=O)O)c1ccc(F)cc1
COCCCOc1cc(/C=C(/C(=O)OC(C)(C)C)C(C)C)ccc1OC,COCCCOc1cc(C[C@@H](C(=O)OC(C)(C)C)C(C)C)ccc1OC
Cc1cccc(C2=Cc3ccccc3S2(=O)=O)c1,Cc1cccc([C@H]2Cc3ccccc3S2(=O)=O)c1
C=C(CCCCCC)B1OC(C)(C)C(C)(C)O1,CCCCCC[C@@H](C)B1OC(C)(C)C(C)(C)O1
C/C=C(/C)c1ccc(OC)cc1,CC[C@@H](C)c1ccc(OC)cc1
CCOC(=O)C1=CN(C(C)=O)CCC1,CCOC(=O)[C@@H]1CCCN(C(C)=O)C1
CC1=CCCO1,C[C@H]1CCCO1
CC(C)(C)OC(=O)C(=O)N/C(=C\C1CC1)C(=O)OCc1ccccc1,CC(C)(C)OC(=O)C(=O)N[C@@H](CC1CC1)C(=O)OCc1ccccc1
C/C(=C\c1ccccc1)c1ccccc1,C[C@@H](Cc1ccccc1)c1ccccc1
COC(=O)/C(=C/c1ccccc1)NC(C)=O,COC(=O)[C@@H](Cc1ccccc1)NC(C)=O
C/C=C(\C)c1ccc(OC)cc1,CC[C@@H](C)c1ccc(OC)cc1
COC(=O)/C=C(/NC(C)=O)C(C)(C)C,COC(=O)C[C@@H](NC(C)=O)C(C)(C)C
C=C(CC(=O)OC)C(=O)OC,COC(=O)C[C@@H](C)C(=O)OC
CC1=CC(=O)OCC1,C[C@H]1CCOC(=O)C1
C=C(NC(C)=O)c1ccccc1OC,COc1ccccc1[C@@H](C)NC(C)=O
C=C(CCCC)OC(=O)c1ccco1,CCCC[C@H](C)OC(=O)c1ccccc1
CC(=O)NC1=CCc2ccccc21,CC(=O)N[C@@H]1CCc2ccccc21
COc1cccc2c1C=C(NC(C)=O)CC2,COc1cccc2c1C[C@@H](NC(C)=O)CC2
COC(=O)/C(=C/c1ccccc1)NC(C)=O,COC(=O)[C@@H](Cc1ccccc1)NC(C)=O
C=C(c1ccccc1)C(C)C,CC(C)[C@@H](C)c1ccccc1
CCOC(=O)/C=C(/C)NC(C)=O,CCOC(=O)C[C@@H](C)NC(C)=O
C=C(NC(C)=O)c1ccccc1,CC(=O)N[C@@H](C)c1ccccc1
CCOC(=O)/C(C)=C(\C(=O)OCc1ccccc1)c1ccsc1,CCOC(=O)[C@@H](C)[C@H](C(=O)OCc1ccccc1)c1ccsc1
COc1ccc(-c2cc3ccccc3o2)cc1,COc1ccc([C@@H]2Cc3ccccc3O2)cc1
COC(=O)C1=COc2ccc(C(C)(C)C)cc2O1,COC(=O)[C@H]1COc2ccc(C(C)(C)C)cc2O1
CC(C)(C)OC(=O)C(=O)N/C(=C\C1CC1)C(=O)OCc1ccccc1,CC(C)(C)OC(=O)C(=O)N[C@@H](CC1CC1)C(=O)OCc1ccccc1
COC(=O)/C(=C/c1ccccc1)NC(C)=O,COC(=O)[C@H](Cc1ccccc1)NC(C)=O
C=C(NC(C)=O)c1ccccc1,CC(=O)N[C@@H](C)c1ccccc1
CC(C)/C=C(\C#N)CC(=O)[O-],CC(C)C[C@H](C#N)CC(=O)[O-]
C/C(=C\c1ccccc1)c1ccccc1,C[C@H](Cc1ccccc1)c1ccccc1
CCOC(=O)/C=C1\Nc2ccccc2OC1=O,CCOC(=O)C[C@H]1Nc2ccccc2OC1=O
CCOC(=O)/C=C(\C)c1ccccc1,CCOC(=O)C[C@H](C)c1ccccc1
COc1cc2c(c(OC)c1OC)-c1ccc(O)cc1C(NC(C)=O)=CC2,COc1cc2c(c(OC)c1OC)-c1ccc(O)cc1[C@@H](NC(C)=O)CC2
C=C(c1ccccc1)C(C)C,CC(C)[C@H](C)c1ccccc1
COc1cccc2c1C=C(NC(C)=O)CC2,COc1cccc2c1C[C@H](NC(C)=O)CC2
COC(=O)/C(=C/c1ccccc1)NC(C)=O,COC(=O)[C@@H](Cc1ccccc1)NC(C)=O
C=C(NC(C)=O)c1ccccc1,CC(=O)N[C@H](C)c1ccccc1
C=C(c1ccccc1)P(=O)(O)O,C[C@@H](c1ccccc1)P(=O)(O)O
CC/C(=C\C(=O)OC)NC(C)=O,CC[C@@H](CC(=O)OC)NC(C)=O
CCCCC1=CC(=O)CC1,CCCC[C@@H]1CCC(=O)C1
C/C(=C\C(=O)c1ccccc1)S(=O)(=O)c1ccccc1,C[C@H](CC(=O)c1ccccc1)S(=O)(=O)c1ccccc1
C/C(=C\c1ccccc1)C(=O)O,C[C@@H](Cc1ccccc1)C(=O)O
COCO/C=C(\NC(C)=O)c1ccccc1,COCOC[C@@H](NC(C)=O)c1ccccc1
C/C=C(/C)c1ccc(OC)cc1,CC[C@H](C)c1ccc(OC)cc1
COC(=O)/C=C(\NC(C)=O)c1ccccc1,COC(=O)C[C@H](NC(C)=O)c1ccccc1
C/C(=C\[N+](=O)[O-])c1ccccc1,C[C@@H](C[N+](=O)[O-])c1ccccc1
CCOC(=O)/C(C)=C/c1ccccc1,CCOC(=O)[C@@H](C)Cc1ccccc1
CC(C)=CCC/C(C)=C/CO,CC(C)=CCC[C@@H](C)CCO
C/C(=C\c1ccccc1)c1ccccc1,C[C@H](Cc1ccccc1)c1ccccc1
CC1(C)OB(/C(=C/CCc2ccccc2)N2CCOC2=O)OC1(C)C,CC1(C)OB([C@@H](CCCc2ccccc2)N2CCOC2=O)OC1(C)C
C/C=C(\C)C(=O)O,CC[C@H](C)C(=O)O
COC(=O)/C(=C/c1ccccc1)NC(C)=O,COC(=O)[C@@H](Cc1ccccc1)NC(C)=O
C=C(NC(C)=O)c1ccccc1,CC(=O)N[C@@H](C)c1ccccc1
CCOC(=O)/C=C(\C)Oc1ccccc1Br,CCOC(=O)C[C@@H](C)Oc1ccccc1Br
CCOC(=O)C1=C(NC(=O)c2ccc(OC(F)F)cc2)CCCC1,CCOC(=O)[C@H]1CCCC[C@H]1NC(=O)c1ccc(OC(F)F)cc1
COC(=O)/C(=C/c1ccccc1)NC(C)=O,COC(=O)[C@H](Cc1ccccc1)NC(C)=O
CCOC(=O)/C=C(\Sc1ccc(F)cc1)c1ccccc1,CCOC(=O)C[C@@H](Sc1ccc(F)cc1)c1ccccc1
C/C(=C\c1ccccc1C)C(=O)O,Cc1ccccc1C[C@H](C)C(=O)O
CC(=O)N/C(C)=C\C(=O)c1ccccc1,CC(=O)N[C@@H](C)CC(=O)c1ccccc1
C=C(NC(C)=O)C(=O)O,CC(=O)N[C@@H](C)C(=O)O
CC(C)(C)OC(=O)NC1CCN(C(=O)C/C(=C\c2ccccc2)C(=O)O)CC1,CC(C)(C)OC(=O)NC1CCN(C(=O)C[C@@H](Cc2ccccc2)C(=O)O)CC1
CC1=CC(=O)CCC1,C[C@H]1CCCC(=O)C1
CC(=O)N1/C(=C\c2ccccc2)COc2ccccc21,CC(=O)N1c2ccccc2OC[C@H]1Cc1ccccc1
C=C(CC)c1ccccc1,CC[C@@H](C)c1ccccc1
CCc1ccc(-c2coc(=O)[nH]2)cc1,CCc1ccc([C@H]2COC(=O)N2)cc1
C/C=C(\C)c1ccc(OC)cc1,CC[C@@H](C)c1ccc(OC)cc1
C/C(=C\c1ccccc1)c1ccccc1,C[C@H](Cc1ccccc1)c1ccccc1
C/C(=C\c1ccccc1)c1ccccc1,C[C@H](Cc1ccccc1)c1ccccc1
C1CCC(NC2CCCCC2)CC1.C=C(CO)C(=O)O,C1CCC(NC2CCCCC2)CC1.C[C@@H](CO)C(=O)O
CCOC(=O)/C(NC(C)=O)=C(\OC(C)=O)c1ccc(OC)cc1,CCOC(=O)[C@@H](NC(C)=O)[C@H](OC(C)=O)c1ccc(OC)cc1
COC(=O)/C(=C/c1ccccc1)NC(C)=O,COC(=O)[C@H](Cc1ccccc1)NC(C)=O
C/C=C(\C)c1ccc(OC)cc1,CC[C@H](C)c1ccc(OC)cc1
C/C=C(/c1ccccc1)[Si](C)(C)C,CC[C@@H](c1ccccc1)[Si](C)(C)C
C=C(CC)c1ccc(OC)cc1,CC[C@H](C)c1ccc(OC)cc1
COC/C=C(\NC(C)=O)C(=O)OC,COCC[C@@H](NC(C)=O)C(=O)OC
C=C(NC(C)=O)C(C)(C)C,CC(=O)N[C@@H](C)C(C)(C)C
COC(=O)/C(=C/c1ccccc1)NC(C)=O,COC(=O)[C@H](Cc1ccccc1)NC(C)=O
